ApplicantID,Age,AnnualIncome,LoanAmount,CreditScore,EmploymentStatus,EmploymentMonths,ExistingDebt,LoanPurpose,NumberOfDependents,SavingsBalance,MonthlyExpenses,LoanApproved
APP0001,61,34592,18112,620,Self-Employed,57,4572,Medical,0,88696,1512,0
APP0002,58,75302,21663,495,Employed,55,15247,Vehicle,4,3478,2428,0
APP0003,62,111924,290706,694,Self-Employed,114,38618,Personal,0,99458,2107,0
APP0004,65,75392,183389,622,Self-Employed,55,22059,Home,0,49797,1592,0
APP0005,43,131082,185331,789,Unemployed,0,52895,Home,3,70284,1822,0
APP0006,45,30328,294428,630,Unemployed,0,9459,Education,0,6006,2666,0
APP0007,39,149134,46833,599,Employed,97,18217,Business,2,21319,3832,0
APP0008,43,47460,356364,616,Employed,155,20806,Education,4,95568,2805,0
APP0009,31,80589,203943,618,Self-Employed,175,21252,Home,1,4207,3384,0
APP0010,46,55093,39701,588,Unemployed,0,6967,Medical,3,51856,4558,0
APP0011,30,54718,78206,606,Unemployed,0,24478,Vehicle,3,76484,4071,0
APP0012,44,48746,77525,740,Part-Time,23,1543,Home,1,82240,2110,1
APP0013,48,98172,38306,677,Part-Time,152,30674,Vehicle,2,72512,894,0
APP0014,64,114466,65058,754,Unemployed,0,50370,Medical,2,14621,3204,0
APP0015,48,40730,242881,481,Unemployed,0,16403,Education,4,13947,3244,0
APP0016,61,86540,324275,581,Self-Employed,95,10587,Vehicle,4,74,3455,0
APP0017,52,22552,63650,665,Unemployed,0,3923,Home,1,74364,1445,0
APP0018,26,115932,259798,515,Self-Employed,32,43237,Business,4,21643,2971,0
APP0019,54,134351,323029,696,Self-Employed,237,35343,Medical,1,93447,3353,0
APP0020,46,108039,345723,671,Part-Time,230,33919,Business,0,32493,2640,0
APP0021,25,64313,16028,781,Self-Employed,150,7216,Home,0,92778,1282,0
APP0022,35,28834,479700,496,Unemployed,0,1160,Vehicle,1,36500,4776,0
APP0023,34,90678,74369,772,Part-Time,62,30996,Business,1,12363,1594,0
APP0024,63,76498,190753,696,Part-Time,119,3550,Medical,0,7944,4098,0
APP0025,42,124935,456764,535,Self-Employed,49,12465,Vehicle,3,18373,4256,0
APP0026,32,56509,247550,607,Employed,113,26477,Vehicle,0,6630,920,0
APP0027,26,141420,400085,601,Self-Employed,104,31826,Business,1,52565,1280,0
APP0028,31,69672,6130,679,Unemployed,0,29819,Personal,3,91303,4786,0
APP0029,30,44890,160560,591,Employed,148,17766,Home,2,7492,1210,0
APP0030,58,82493,268638,751,Self-Employed,14,33281,Home,1,8981,1356,0
APP0031,64,132960,128314,686,Employed,227,37334,Education,4,77924,1125,0
APP0032,60,30745,224794,816,Unemployed,0,15314,Personal,1,87782,3373,0
APP0033,36,54814,212505,547,Unemployed,0,14982,Personal,0,1220,4554,0
APP0034,60,93792,57418,517,Self-Employed,129,17380,Education,2,9016,2801,0
APP0035,44,57353,87704,704,Unemployed,0,20043,Medical,4,1025,3252,0
APP0036,63,33577,497269,548,Unemployed,0,3782,Home,4,20374,3031,0
APP0037,39,99276,115430,655,Self-Employed,175,41565,Personal,4,64032,2857,0
APP0038,24,32097,337547,696,Unemployed,0,722,Home,2,17146,2945,0
APP0039,31,117154,236649,762,Part-Time,143,633,Home,0,90573,2021,1
APP0040,55,24722,442568,669,Self-Employed,110,2088,Home,2,47795,1126,0
APP0041,43,47535,362599,607,Employed,90,18346,Business,4,98235,2066,0
APP0042,36,133325,90197,570,Part-Time,6,11754,Medical,2,53964,2832,0
APP0043,38,40866,417811,535,Part-Time,223,1268,Business,1,26158,4570,0
APP0044,43,60001,435197,596,Self-Employed,6,21627,Education,3,43025,3082,0
APP0045,25,146732,410445,622,Unemployed,0,42040,Vehicle,3,89065,3512,0
APP0046,22,35118,464820,613,Self-Employed,148,8698,Home,0,78193,4359,0
APP0047,43,115491,417314,640,Part-Time,155,33516,Home,3,75574,2357,0
APP0048,37,25817,376607,703,Employed,133,8821,Medical,1,47739,4333,0
APP0049,25,144370,353251,649,Unemployed,0,43475,Home,2,66469,3333,0
APP0050,63,73528,176013,686,Unemployed,0,36333,Education,1,55108,3905,0
APP0051,64,118059,478330,569,Unemployed,0,26612,Vehicle,0,39829,3150,0
APP0052,34,76346,416963,776,Unemployed,0,30473,Business,3,88555,2550,0
APP0053,53,82021,421145,566,Employed,72,33780,Medical,4,43933,1565,0
APP0054,36,108184,167749,595,Self-Employed,37,1600,Home,1,62277,1396,1
APP0055,61,95454,106940,676,Part-Time,102,15989,Education,0,98430,1673,0
APP0056,48,48683,97215,745,Part-Time,12,18265,Education,0,59829,1892,0
APP0057,50,107500,283466,766,Unemployed,0,49496,Business,4,94276,4935,0
APP0058,48,128864,480453,760,Part-Time,229,10430,Medical,3,58991,2923,0
APP0059,36,130082,339318,621,Part-Time,160,15679,Personal,3,10155,3140,0
APP0060,36,55614,181080,643,Employed,35,4942,Education,3,90957,2051,0
APP0061,34,28418,222510,688,Unemployed,0,8890,Business,3,8161,2494,0
APP0062,47,71049,479395,779,Employed,219,24928,Business,0,46105,3246,0
APP0063,45,131863,472476,694,Self-Employed,124,14380,Personal,3,63654,1037,0
APP0064,45,64057,355682,687,Self-Employed,215,15315,Education,4,70008,1020,0
APP0065,46,97580,300903,819,Employed,21,42123,Business,1,60515,2288,0
APP0066,24,54099,203759,647,Self-Employed,116,10710,Personal,3,36471,4253,0
APP0067,37,129433,47942,720,Employed,191,35351,Home,2,29389,1362,0
APP0068,62,25276,400435,495,Self-Employed,51,333,Vehicle,1,31266,1834,0
APP0069,51,107747,64973,768,Self-Employed,119,45840,Personal,2,21992,1738,0
APP0070,31,146447,168073,535,Employed,237,20444,Vehicle,3,51990,2424,0
APP0071,25,97607,367080,801,Self-Employed,26,45691,Personal,4,15866,1136,0
APP0072,43,89827,229593,818,Unemployed,0,4519,Vehicle,2,1658,4241,0
APP0073,52,33833,232291,665,Part-Time,181,5013,Business,1,96180,3012,0
APP0074,60,125932,487144,755,Part-Time,119,28545,Medical,4,35179,3440,0
APP0075,36,128885,495011,524,Unemployed,0,57778,Business,1,98366,4606,0
APP0076,57,99997,355323,674,Unemployed,0,1880,Business,2,23834,4794,0
APP0077,34,66507,423293,612,Unemployed,0,18327,Vehicle,2,72848,883,0
APP0078,54,144264,105168,523,Self-Employed,184,26635,Business,4,99374,2768,0
APP0079,65,82402,343639,731,Part-Time,202,1130,Home,2,29045,4112,1
APP0080,40,107026,309902,668,Part-Time,141,34794,Personal,3,97771,3509,0
APP0081,43,112124,242893,618,Unemployed,0,16475,Education,0,94540,2377,0
APP0082,41,35670,394483,754,Self-Employed,49,7090,Medical,3,36241,3118,0
APP0083,27,129134,106773,631,Self-Employed,92,11759,Personal,0,92801,1836,0
APP0084,38,25965,33587,763,Unemployed,0,11426,Education,3,13446,900,0
APP0085,57,57268,251099,725,Part-Time,87,6041,Home,2,62616,1734,0
APP0086,25,72521,262816,517,Employed,38,9777,Vehicle,2,11164,2833,0
APP0087,28,93147,405788,693,Self-Employed,198,34247,Business,3,58028,3235,0
APP0088,58,149765,229830,636,Employed,156,48502,Home,1,81987,2528,0
APP0089,37,106563,47565,560,Self-Employed,44,36175,Home,1,350,4146,0
APP0090,49,110357,316328,720,Unemployed,0,2139,Education,2,92662,3116,0
APP0091,65,132670,243043,516,Self-Employed,236,17337,Medical,4,86662,2420,0
APP0092,48,35043,290507,595,Self-Employed,232,8704,Education,0,7816,2159,0
APP0093,40,97993,397669,771,Unemployed,0,28780,Home,3,90266,3291,0
APP0094,65,72757,499233,619,Part-Time,112,5271,Vehicle,0,56626,3440,0
APP0095,59,52816,18560,526,Self-Employed,172,18848,Vehicle,0,88117,3007,0
APP0096,57,25273,405088,569,Part-Time,132,10674,Business,2,23788,4370,0
APP0097,61,126724,262805,526,Part-Time,89,26761,Personal,2,87835,1656,0
APP0098,31,63228,220820,733,Unemployed,0,21711,Business,4,4809,4525,0
APP0099,26,61224,137329,645,Employed,197,13244,Vehicle,0,86200,4584,0
APP0100,47,27104,103347,745,Unemployed,0,10201,Business,3,99613,1222,0
APP0101,34,55003,292949,547,Unemployed,0,14356,Medical,3,15915,1036,0
APP0102,61,99806,424070,602,Self-Employed,79,36099,Home,4,53476,1563,0
APP0103,35,130284,483638,538,Part-Time,30,42448,Education,3,93926,3190,0
APP0104,53,112459,148353,692,Part-Time,120,15973,Business,4,18958,3942,0
APP0105,33,140831,319246,740,Self-Employed,221,4575,Personal,3,44548,4959,0
APP0106,38,127551,6344,624,Unemployed,0,54884,Vehicle,4,86499,4811,0
APP0107,30,78529,287371,727,Unemployed,0,21786,Vehicle,4,49441,4530,0
APP0108,41,133980,103908,602,Part-Time,59,56099,Business,0,41704,4674,0
APP0109,45,70604,352964,813,Self-Employed,126,2426,Education,4,77356,3519,0
APP0110,27,134581,448044,705,Employed,134,59666,Business,0,94692,1980,0
APP0111,47,134154,348293,559,Employed,120,51218,Personal,2,81691,4056,0
APP0112,62,30527,451570,648,Part-Time,81,10269,Medical,3,70912,1094,0
APP0113,60,28968,128087,803,Unemployed,0,3727,Medical,0,56881,1606,0
APP0114,61,112260,462482,531,Part-Time,42,45482,Personal,0,6028,3457,0
APP0115,24,58452,192938,671,Part-Time,37,8001,Vehicle,3,74177,2275,0
APP0116,31,42946,46402,792,Part-Time,158,7891,Business,4,18758,2702,0
APP0117,50,103611,138157,715,Unemployed,0,43702,Home,3,37700,2094,0
APP0118,25,77898,186175,780,Unemployed,0,27807,Medical,2,59878,3274,0
APP0119,33,70422,452393,727,Employed,60,24993,Vehicle,2,75341,3223,0
APP0120,65,58696,16502,817,Part-Time,70,265,Vehicle,0,79482,4869,1
APP0121,39,121677,423832,597,Unemployed,0,14352,Medical,1,81381,2853,0
APP0122,64,119035,382974,817,Self-Employed,160,6367,Medical,0,40492,4411,0
APP0123,23,95965,196292,547,Employed,232,19340,Personal,3,23021,2444,0
APP0124,29,123089,287805,667,Unemployed,0,54425,Education,2,63156,3217,0
APP0125,42,125412,65382,719,Employed,36,49424,Education,3,73048,3796,0
APP0126,26,123636,211870,487,Unemployed,0,35164,Home,3,48311,2947,0
APP0127,58,69941,436183,806,Unemployed,0,7100,Medical,1,61797,1005,0
APP0128,60,135898,499492,767,Unemployed,0,59982,Vehicle,1,84889,1317,0
APP0129,61,127984,248409,634,Part-Time,29,9160,Home,0,39893,4835,0
APP0130,28,32739,128102,755,Self-Employed,99,7432,Personal,4,54935,2065,0
APP0131,47,105841,56915,730,Part-Time,240,18333,Home,2,28477,4432,0
APP0132,49,144591,128791,665,Employed,175,24073,Vehicle,2,7936,4061,0
APP0133,38,44878,69046,712,Employed,169,6950,Medical,4,2799,1214,0
APP0134,42,51925,71020,769,Self-Employed,17,25072,Vehicle,1,76858,2569,0
APP0135,35,63064,410992,555,Employed,70,28128,Education,1,70807,2853,0
APP0136,32,34408,351584,493,Self-Employed,3,11738,Education,4,42437,929,0
APP0137,32,54782,32472,544,Part-Time,134,3724,Medical,0,62422,4472,0
APP0138,44,87271,316251,535,Part-Time,128,14519,Vehicle,0,95321,3270,0
APP0139,50,104323,21331,511,Part-Time,216,26320,Business,0,64260,4433,0
APP0140,25,137868,47357,644,Self-Employed,16,8270,Personal,4,82978,3463,0
APP0141,45,98301,283164,630,Part-Time,129,39677,Business,0,91983,1737,0
APP0142,62,105316,465170,762,Self-Employed,110,29593,Education,3,44424,4515,0
APP0143,46,74524,387527,528,Unemployed,0,27968,Personal,2,49060,2050,0
APP0144,64,140977,253652,514,Employed,212,5594,Home,3,12656,3852,0
APP0145,29,92924,36447,780,Unemployed,0,43909,Home,3,46346,4264,0
APP0146,24,146929,155800,787,Unemployed,0,23045,Home,4,66507,2542,0
APP0147,30,106079,257806,594,Employed,89,36455,Personal,0,99956,3082,0
APP0148,57,49643,428216,699,Employed,155,21555,Medical,2,3794,2277,0
APP0149,38,112104,404722,638,Unemployed,0,23004,Home,1,18776,4083,0
APP0150,25,38595,393481,804,Employed,23,17382,Education,3,55028,4516,0
APP0151,42,40631,199014,639,Unemployed,0,18598,Vehicle,0,6895,2074,0
APP0152,31,118885,328925,505,Employed,69,29039,Medical,3,63656,4421,0
APP0153,47,55804,118020,742,Employed,88,14087,Home,2,88895,4786,0
APP0154,54,107442,166700,503,Self-Employed,101,39277,Home,0,26794,3269,0
APP0155,34,120578,76950,610,Unemployed,0,21503,Home,0,65193,4327,0
APP0156,32,36932,204338,752,Self-Employed,128,18308,Medical,2,9447,4052,0
APP0157,23,77176,14825,715,Employed,220,20516,Vehicle,3,75156,4113,0
APP0158,61,74747,156789,538,Part-Time,5,21284,Education,4,60305,3764,0
APP0159,26,77240,447753,534,Self-Employed,111,38592,Business,4,10308,4042,0
APP0160,40,117754,183002,593,Unemployed,0,51060,Education,0,66910,1734,0
APP0161,54,86840,106661,658,Unemployed,0,42299,Education,1,13474,1999,0
APP0162,37,45856,95963,788,Self-Employed,194,21479,Home,1,82306,4847,0
APP0163,50,118886,300559,776,Part-Time,174,57805,Vehicle,4,42363,3389,0
APP0164,30,77640,40801,720,Part-Time,161,19845,Personal,4,7362,3683,0
APP0165,53,29724,167743,716,Part-Time,9,932,Personal,2,10057,1539,0
APP0166,60,97867,270849,676,Part-Time,148,36327,Medical,0,58947,2342,0
APP0167,41,99299,254366,736,Self-Employed,15,29525,Home,2,93626,1490,0
APP0168,53,104689,95470,500,Self-Employed,181,28688,Business,4,68517,2100,0
APP0169,44,68870,486263,624,Part-Time,104,22175,Medical,4,6863,3541,0
APP0170,25,63213,54548,765,Part-Time,72,8257,Medical,4,19709,3530,0
APP0171,26,96380,352923,552,Unemployed,0,20331,Medical,3,16901,1494,0
APP0172,40,93259,202488,809,Unemployed,0,8375,Medical,4,12249,4268,0
APP0173,53,67425,14558,665,Unemployed,0,11813,Education,2,63736,2372,0
APP0174,35,38030,86235,519,Unemployed,0,3314,Vehicle,4,96815,1109,0
APP0175,63,64140,464482,796,Self-Employed,152,12344,Education,1,23703,2156,0
APP0176,49,25726,220408,666,Self-Employed,113,10003,Personal,3,30671,2759,0
APP0177,40,146562,428951,720,Self-Employed,94,44453,Vehicle,3,60513,3108,0
APP0178,45,85916,281540,694,Self-Employed,209,13087,Vehicle,1,32768,1227,0
APP0179,62,82991,463289,670,Employed,182,33810,Home,2,10993,2113,0
APP0180,38,78893,479641,742,Self-Employed,212,28670,Home,1,59130,3663,0
APP0181,22,74381,32921,682,Unemployed,0,15451,Business,0,49140,2639,0
APP0182,22,61770,493020,530,Unemployed,0,25931,Education,1,5020,3150,0
APP0183,51,111235,440741,551,Part-Time,114,40327,Home,0,2490,2896,0
APP0184,34,129440,83391,760,Part-Time,28,50867,Personal,1,39472,1798,0
APP0185,24,51252,225109,807,Part-Time,16,3632,Business,4,70261,934,0
APP0186,61,87551,306490,603,Self-Employed,74,28130,Home,4,46244,2770,0
APP0187,57,74600,103206,820,Employed,134,23632,Home,4,71313,4956,0
APP0188,53,92633,15661,679,Part-Time,11,41659,Business,2,33246,933,0
APP0189,43,123352,40420,656,Self-Employed,187,43063,Medical,0,76271,3523,0
APP0190,29,25811,189706,759,Unemployed,0,10531,Education,3,91146,4720,0
APP0191,61,43891,430458,549,Employed,183,14997,Home,2,26422,1158,0
APP0192,33,136102,26970,641,Unemployed,0,33776,Business,4,62049,2875,0
APP0193,23,118735,344162,577,Unemployed,0,23394,Home,2,35811,1819,0
APP0194,44,77272,471347,684,Part-Time,229,25339,Personal,1,65038,4875,0
APP0195,44,141151,423010,745,Unemployed,0,52504,Home,3,10345,4327,0
APP0196,59,127785,99611,759,Unemployed,0,21050,Home,0,42981,3221,0
APP0197,40,78447,320947,698,Self-Employed,176,29091,Personal,3,5551,3688,0
APP0198,60,77008,148946,807,Employed,19,26621,Personal,4,98290,2110,0
APP0199,22,38714,449947,791,Part-Time,8,4136,Home,1,84562,3800,0
APP0200,44,70181,302399,496,Self-Employed,173,29486,Personal,2,58188,1429,0
APP0201,57,38047,282589,667,Part-Time,80,9132,Education,0,3396,2324,0
APP0202,52,87861,207892,767,Employed,67,17058,Medical,3,28124,3139,0
APP0203,65,140124,262530,582,Employed,34,55890,Home,3,22630,4446,0
APP0204,26,126235,362527,643,Unemployed,0,46500,Home,4,71063,3178,0
APP0205,40,131589,87578,806,Self-Employed,203,23690,Vehicle,1,15907,2446,0
APP0206,29,51029,419383,732,Employed,92,18154,Vehicle,2,61263,1863,0
APP0207,60,135899,50201,513,Unemployed,0,26093,Medical,3,68903,4165,0
APP0208,47,127916,306413,517,Self-Employed,81,42096,Home,3,61057,3622,0
APP0209,29,135075,439662,762,Self-Employed,196,8456,Business,4,7263,1817,0
APP0210,54,40056,164448,564,Self-Employed,82,7388,Personal,4,37230,1446,0
APP0211,37,45729,337952,762,Unemployed,0,4101,Medical,2,80534,1565,0
APP0212,53,104015,93413,783,Self-Employed,43,43170,Vehicle,4,44252,1137,0
APP0213,22,30646,28835,808,Unemployed,0,10668,Education,4,54602,1048,0
APP0214,52,136522,333814,759,Unemployed,0,42068,Personal,3,32096,4126,0
APP0215,40,79446,43258,510,Self-Employed,112,27238,Business,3,26741,3586,0
APP0216,59,38830,168883,643,Unemployed,0,13065,Education,2,67499,1669,0
APP0217,41,51685,249565,542,Unemployed,0,14732,Education,1,12689,1214,0
APP0218,39,143913,206405,795,Part-Time,63,56708,Education,2,75718,3361,0
APP0219,33,120023,88541,735,Part-Time,127,57611,Personal,3,3037,1537,0
APP0220,46,86249,244720,603,Self-Employed,149,23127,Home,0,36877,4854,0
APP0221,59,135649,446895,814,Part-Time,73,35172,Home,0,56482,1897,0
APP0222,37,115355,196772,686,Unemployed,0,2965,Business,0,74747,2394,0
APP0223,44,92512,156310,517,Part-Time,129,29514,Vehicle,2,81689,1773,0
APP0224,29,147806,55688,681,Unemployed,0,52094,Personal,4,47920,1981,0
APP0225,33,98966,271926,685,Employed,11,2550,Education,2,62094,4543,0
APP0226,53,38321,176948,793,Unemployed,0,5324,Business,4,96904,3251,0
APP0227,58,64089,270979,740,Part-Time,181,18445,Personal,3,2180,3817,0
APP0228,42,108317,62464,693,Unemployed,0,52216,Medical,0,78238,4687,0
APP0229,37,146755,348718,776,Self-Employed,184,3365,Vehicle,3,22349,3914,0
APP0230,64,51745,21552,773,Employed,48,620,Business,2,54890,2040,1
APP0231,47,110505,111897,690,Part-Time,223,48223,Medical,0,92507,1931,0
APP0232,54,47176,299066,646,Part-Time,134,12347,Personal,1,60249,3604,0
APP0233,55,66437,359349,809,Unemployed,0,31731,Education,1,36569,3245,0
APP0234,35,143402,161035,627,Self-Employed,176,46202,Business,2,62888,3657,0
APP0235,56,142381,494939,620,Unemployed,0,7987,Vehicle,4,49767,4032,0
APP0236,43,145122,410308,554,Unemployed,0,2756,Personal,0,45398,4423,0
APP0237,62,53612,396820,725,Self-Employed,51,17648,Personal,4,91248,3025,0
APP0238,29,34316,327792,780,Self-Employed,62,1663,Medical,4,29579,2707,0
APP0239,24,33133,221688,649,Part-Time,25,4504,Home,4,20701,4133,0
APP0240,62,142556,466712,723,Part-Time,166,13071,Personal,2,37409,1284,0
APP0241,26,105498,306011,598,Employed,233,11473,Business,1,4763,4052,0
APP0242,52,44420,496052,628,Employed,2,9777,Vehicle,4,14064,3544,0
APP0243,39,79552,341232,758,Part-Time,227,8794,Vehicle,3,35761,2379,0
APP0244,28,63343,90193,714,Unemployed,0,23547,Education,0,96549,3561,0
APP0245,39,94420,358580,578,Self-Employed,156,41859,Business,3,67538,3486,0
APP0246,26,72538,355882,528,Self-Employed,35,31290,Personal,1,895,2936,0
APP0247,45,50870,239218,616,Unemployed,0,9894,Vehicle,4,1498,2942,0
APP0248,62,67127,368210,600,Employed,170,7747,Business,2,20934,4121,0
APP0249,64,85866,488973,639,Employed,163,19335,Personal,4,28947,2595,0
APP0250,29,82676,85313,712,Unemployed,0,27252,Medical,4,61712,2589,0
APP0251,36,109173,400700,785,Employed,134,29278,Vehicle,2,10237,1719,0
APP0252,24,128629,292125,738,Self-Employed,146,35170,Education,1,43007,4419,0
APP0253,28,109167,112689,778,Part-Time,23,33447,Business,0,59432,1880,0
APP0254,53,74450,244493,768,Employed,143,30302,Medical,2,94801,978,0
APP0255,46,53352,433056,481,Self-Employed,148,2393,Home,3,45158,1322,0
APP0256,55,27897,494990,515,Part-Time,8,4703,Business,1,17750,4243,0
APP0257,44,136828,205529,709,Part-Time,96,5259,Medical,4,17431,3648,0
APP0258,28,43392,286678,681,Self-Employed,186,7297,Home,0,39107,4592,0
APP0259,64,114253,290446,697,Part-Time,210,15051,Education,3,45371,2070,0
APP0260,38,44704,496473,537,Employed,207,21633,Business,4,2050,2771,0
APP0261,34,28819,57898,784,Employed,114,9794,Medical,0,32077,1162,0
APP0262,46,77535,127861,756,Self-Employed,193,3699,Education,4,37914,2718,0
APP0263,57,61799,307763,786,Unemployed,0,7762,Personal,1,86535,2610,0
APP0264,47,59387,149259,511,Self-Employed,160,22241,Business,4,64962,1184,0
APP0265,43,143415,342282,675,Unemployed,0,45633,Business,3,19558,3256,0
APP0266,45,44101,400531,755,Part-Time,61,7384,Personal,1,60689,1272,0
APP0267,56,74090,223370,765,Self-Employed,99,15915,Personal,1,43288,1447,0
APP0268,49,131035,199551,527,Self-Employed,13,17593,Business,4,79026,1123,0
APP0269,25,44662,426868,780,Self-Employed,122,6844,Personal,2,2009,2535,0
APP0270,33,146101,393746,540,Part-Time,234,15898,Medical,4,92244,2475,0
APP0271,46,139947,130478,762,Unemployed,0,50824,Personal,3,61112,3743,0
APP0272,40,54283,193557,742,Part-Time,119,3231,Medical,3,99828,3423,0
APP0273,34,68589,169061,691,Employed,144,14501,Medical,1,2125,2936,0
APP0274,56,142520,311200,776,Part-Time,75,9988,Education,2,30149,3911,0
APP0275,57,129230,133833,735,Unemployed,0,16864,Business,3,60401,2178,0
APP0276,43,42185,78378,759,Part-Time,47,17764,Medical,0,68674,1077,0
APP0277,25,143887,433865,504,Employed,105,9010,Medical,1,8908,2037,0
APP0278,21,48668,270149,713,Unemployed,0,1980,Vehicle,4,63334,4796,0
APP0279,22,20866,284032,762,Part-Time,3,274,Vehicle,2,70220,3148,0
APP0280,22,85826,431328,700,Self-Employed,27,6312,Vehicle,1,31584,2372,0
APP0281,60,89003,137339,661,Unemployed,0,26011,Home,2,53218,4560,0
APP0282,57,51877,370552,595,Unemployed,0,22414,Home,0,12255,4120,0
APP0283,45,69436,294774,723,Employed,163,619,Medical,1,10837,4894,1
APP0284,62,122809,178681,769,Employed,229,34613,Home,1,27710,4695,0
APP0285,38,26102,489525,518,Unemployed,0,8897,Vehicle,0,23508,3376,0
APP0286,22,146021,113610,780,Self-Employed,192,53784,Medical,3,10084,3251,0
APP0287,31,93919,131076,770,Part-Time,173,35426,Personal,3,99039,1946,0
APP0288,65,114917,46118,736,Unemployed,0,3519,Home,3,30427,1422,0
APP0289,42,99320,408180,794,Part-Time,198,21389,Home,2,59054,4819,0
APP0290,35,66636,294951,672,Part-Time,47,24908,Home,4,38715,2818,0
APP0291,25,30752,145494,558,Part-Time,182,12843,Medical,1,96948,3991,0
APP0292,41,67277,60863,526,Employed,78,29146,Personal,2,13399,1885,0
APP0293,26,44561,230957,709,Part-Time,26,860,Home,2,72642,1562,0
APP0294,59,98386,416271,646,Part-Time,3,19126,Business,3,11101,2788,0
APP0295,57,88302,93910,674,Self-Employed,35,17623,Personal,2,64634,1995,0
APP0296,25,41916,232895,621,Part-Time,76,15867,Home,2,32990,2820,0
APP0297,61,84985,316325,795,Self-Employed,117,7010,Education,2,887,4041,0
APP0298,42,130311,330159,674,Unemployed,0,28850,Personal,3,85332,1915,0
APP0299,40,62030,321256,582,Part-Time,80,5820,Business,2,38200,4822,0
APP0300,57,122494,132100,646,Part-Time,71,53509,Business,2,14927,2436,0
APP0301,58,91516,99333,761,Employed,186,30252,Medical,1,57469,3186,0
APP0302,65,29064,434373,689,Part-Time,35,10376,Personal,1,33119,2062,0
APP0303,48,123425,202651,517,Part-Time,153,31407,Vehicle,3,70040,4950,0
APP0304,65,74827,290026,498,Unemployed,0,35186,Vehicle,0,14335,2833,0
APP0305,63,107122,191126,565,Employed,144,42272,Medical,3,98655,3516,0
APP0306,48,33886,10530,530,Unemployed,0,7274,Vehicle,4,73137,2610,0
APP0307,49,69036,210066,717,Self-Employed,88,1609,Business,0,38722,4207,1
APP0308,26,35213,440849,552,Unemployed,0,10220,Personal,3,27114,4756,0
APP0309,43,82411,56182,704,Part-Time,81,4402,Personal,0,93163,1742,0
APP0310,22,131303,184871,811,Employed,173,52432,Education,1,67632,2229,0
APP0311,56,40989,178533,766,Part-Time,118,7597,Business,1,24430,4340,0
APP0312,46,23826,391603,794,Self-Employed,115,9702,Business,3,583,2559,0
APP0313,34,56483,399435,512,Employed,204,17592,Education,2,42727,2414,0
APP0314,50,34936,142548,730,Unemployed,0,12734,Vehicle,3,76939,1735,0
APP0315,43,66135,448294,714,Self-Employed,208,19493,Vehicle,4,11108,1897,0
APP0316,41,35448,130080,636,Employed,46,12232,Medical,1,66954,3982,0
APP0317,47,98174,77282,774,Part-Time,108,12173,Business,4,90889,2219,0
APP0318,56,41871,261713,627,Self-Employed,47,10308,Business,4,7026,3741,0
APP0319,21,83518,76583,579,Part-Time,143,33124,Medical,3,53626,4828,0
APP0320,47,113079,445345,707,Part-Time,42,5417,Vehicle,0,99753,2606,0
APP0321,39,24285,149102,595,Unemployed,0,2755,Business,4,97323,4857,0
APP0322,56,86952,64355,773,Employed,68,35593,Personal,4,99193,1140,0
APP0323,49,91611,119578,697,Employed,188,42839,Education,2,4224,4484,0
APP0324,37,65688,457040,524,Part-Time,221,7693,Education,1,96680,3672,0
APP0325,60,102938,229482,564,Self-Employed,200,13541,Education,0,74720,3673,0
APP0326,55,56842,317925,755,Self-Employed,82,23070,Personal,2,75069,2990,0
APP0327,53,149169,476940,528,Self-Employed,192,51491,Business,0,36349,1839,0
APP0328,65,133518,74568,607,Self-Employed,182,21108,Education,3,64154,1964,0
APP0329,57,102890,145885,801,Part-Time,96,29621,Home,0,52802,3079,0
APP0330,65,142727,464966,668,Part-Time,124,21449,Vehicle,0,96039,1563,0
APP0331,50,103209,353202,663,Employed,203,35024,Business,1,56314,2535,0
APP0332,52,55197,174274,625,Unemployed,0,17934,Vehicle,1,74205,4775,0
APP0333,42,137198,362853,504,Employed,25,41037,Business,0,16284,2094,0
APP0334,49,79836,5354,699,Self-Employed,176,8645,Medical,2,20837,3044,0
APP0335,26,105798,193971,608,Employed,95,43549,Medical,1,6787,4046,0
APP0336,61,60043,385626,599,Part-Time,167,2988,Medical,0,142,2548,0
APP0337,51,30215,74572,783,Self-Employed,132,11140,Business,0,1056,3614,0
APP0338,28,149519,456066,696,Self-Employed,122,4641,Education,3,11708,1639,0
APP0339,27,61071,197708,633,Self-Employed,97,25344,Education,1,8966,869,0
APP0340,60,105199,91044,705,Unemployed,0,47345,Education,1,53963,4424,0
APP0341,34,31362,475072,531,Self-Employed,192,2017,Vehicle,3,46076,4317,0
APP0342,41,123688,78311,606,Unemployed,0,42245,Home,1,72534,3134,0
APP0343,65,23515,449539,817,Unemployed,0,3366,Vehicle,4,66784,2345,0
APP0344,46,58737,343779,507,Self-Employed,126,12644,Home,1,65481,1381,0
APP0345,54,136486,11326,664,Unemployed,0,8649,Business,4,55163,3793,0
APP0346,55,109514,95581,721,Employed,4,38493,Home,0,34365,2567,0
APP0347,23,140924,36703,683,Unemployed,0,41194,Medical,4,54451,4269,0
APP0348,65,72727,48215,807,Self-Employed,71,5478,Personal,0,67017,2464,0
APP0349,30,90305,176311,680,Employed,79,28671,Medical,1,7589,2802,0
APP0350,26,141192,232794,539,Part-Time,156,39900,Home,2,87304,2238,0
APP0351,28,21660,376143,550,Employed,41,8133,Personal,4,67793,2923,0
APP0352,31,68741,71548,617,Employed,197,1923,Personal,3,35649,1323,1
APP0353,57,102251,45406,734,Part-Time,130,23601,Home,3,74302,2167,0
APP0354,44,40618,138754,532,Employed,58,16673,Home,0,1610,2803,0
APP0355,23,81835,195828,676,Self-Employed,45,2317,Vehicle,3,29427,3436,1
APP0356,41,55554,438060,519,Unemployed,0,3912,Vehicle,0,23507,2628,0
APP0357,54,148635,29079,685,Employed,224,30480,Personal,2,42899,1507,0
APP0358,56,79866,9178,668,Self-Employed,74,36949,Personal,4,31795,4600,0
APP0359,44,97554,263663,580,Self-Employed,38,417,Business,0,30539,3637,1
APP0360,65,134976,10030,651,Employed,194,43077,Business,2,13624,2480,0
APP0361,54,148858,129868,694,Part-Time,15,9330,Medical,2,12193,1159,0
APP0362,35,137609,448287,746,Part-Time,179,58692,Personal,3,98028,1495,0
APP0363,58,32527,269989,548,Part-Time,19,9697,Vehicle,0,57014,1870,0
APP0364,36,58230,141834,641,Part-Time,179,27259,Medical,2,41688,4508,0
APP0365,38,50619,44157,583,Self-Employed,199,25236,Vehicle,0,20369,1665,0
APP0366,31,78925,249347,640,Part-Time,30,35122,Personal,1,59233,3325,0
APP0367,50,54735,451946,541,Employed,40,26463,Medical,2,92367,1130,0
APP0368,34,129566,454091,647,Self-Employed,23,46606,Education,2,51936,1201,0
APP0369,64,59169,141402,569,Employed,103,28003,Business,4,98052,2846,0
APP0370,27,80560,58428,551,Employed,3,4041,Education,1,25969,4081,0
APP0371,44,109952,335457,810,Employed,149,38411,Personal,0,2857,1328,0
APP0372,33,138291,343683,707,Self-Employed,23,59315,Personal,0,5596,4576,0
APP0373,24,42018,489511,773,Part-Time,210,12943,Business,0,50165,4295,0
APP0374,32,66392,117573,575,Unemployed,0,18340,Business,1,4541,2813,0
APP0375,62,58680,266562,690,Part-Time,15,2874,Personal,3,17987,4234,0
APP0376,33,104233,468812,749,Self-Employed,161,35629,Home,3,93502,3741,0
APP0377,51,91371,414697,728,Unemployed,0,37070,Vehicle,2,50905,3015,0
APP0378,32,23416,172183,785,Self-Employed,7,4602,Home,3,69393,3728,0
APP0379,58,50508,88689,531,Self-Employed,168,7902,Personal,4,96607,1258,0
APP0380,35,95457,448812,678,Unemployed,0,11384,Education,1,77662,3405,0
APP0381,65,67026,484188,782,Employed,180,23047,Vehicle,4,18625,2342,0
APP0382,52,91057,167032,569,Part-Time,9,5915,Home,1,78861,2592,0
APP0383,22,89002,255603,480,Unemployed,0,40247,Education,1,44663,2253,0
APP0384,41,27806,16488,555,Self-Employed,198,1817,Vehicle,2,9506,3860,0
APP0385,63,71851,312241,531,Unemployed,0,19776,Personal,1,20644,4378,0
APP0386,61,145915,260433,812,Unemployed,0,11416,Medical,4,90906,3723,0
APP0387,35,107232,313779,569,Part-Time,78,48103,Medical,2,16691,2255,0
APP0388,21,144359,373054,773,Part-Time,217,50517,Vehicle,0,23865,3406,0
APP0389,60,48953,340359,769,Employed,239,16258,Education,2,97693,1437,0
APP0390,36,65457,172519,565,Employed,210,23231,Medical,2,58540,893,0
APP0391,37,47483,135831,514,Unemployed,0,8410,Home,0,6310,3961,0
APP0392,49,116021,225019,565,Part-Time,126,57787,Business,2,71568,3874,0
APP0393,27,128633,256390,775,Self-Employed,41,29575,Home,0,38654,964,0
APP0394,41,54226,59906,517,Unemployed,0,5574,Business,1,95942,1414,0
APP0395,56,143448,475875,527,Unemployed,0,38930,Vehicle,3,92340,1053,0
APP0396,48,143527,347693,564,Part-Time,40,3509,Home,2,26941,2356,1
APP0397,56,114638,490267,756,Unemployed,0,43292,Personal,2,31135,1585,0
APP0398,24,71498,304772,761,Part-Time,39,3572,Personal,0,56047,1517,0
APP0399,39,127989,352089,800,Part-Time,51,6356,Home,1,22391,3190,0
APP0400,26,82071,447378,539,Unemployed,0,26048,Business,3,86643,2970,0
APP0401,26,104130,290278,678,Self-Employed,94,24998,Personal,1,58428,1165,0
APP0402,37,77637,248824,614,Self-Employed,214,17600,Vehicle,0,19808,1592,0
APP0403,26,107574,185245,757,Part-Time,193,38648,Education,4,7993,3971,0
APP0404,54,74870,285763,723,Self-Employed,121,19585,Home,3,93625,1084,0
APP0405,53,94870,477097,744,Self-Employed,30,29428,Education,1,27772,2378,0
APP0406,29,25593,226970,520,Part-Time,51,10276,Education,4,33801,3419,0
APP0407,25,31406,208475,764,Part-Time,141,5343,Personal,4,60051,901,0
APP0408,65,101665,313059,747,Part-Time,28,27160,Education,1,74264,1620,0
APP0409,27,93752,413705,531,Unemployed,0,35103,Personal,3,34620,3937,0
APP0410,62,83646,304904,791,Part-Time,9,11285,Personal,3,18855,4090,0
APP0411,23,71877,471393,649,Self-Employed,12,31143,Personal,2,2651,3567,0
APP0412,40,60756,151982,731,Employed,222,7469,Education,2,97481,4429,0
APP0413,41,55313,387100,693,Employed,48,14474,Education,3,97117,4768,0
APP0414,54,133664,201036,508,Self-Employed,16,20389,Medical,4,52872,1911,0
APP0415,54,135255,303148,494,Self-Employed,49,57355,Education,0,32701,1070,0
APP0416,50,26626,486312,664,Self-Employed,70,6035,Business,4,52028,1814,0
APP0417,64,24005,131845,670,Part-Time,152,7308,Education,3,76923,3665,0
APP0418,43,41432,444171,612,Employed,72,899,Business,0,21352,2555,0
APP0419,35,104853,123023,585,Unemployed,0,42702,Business,4,2628,872,0
APP0420,51,139474,74370,811,Self-Employed,153,52485,Home,1,33081,3302,0
APP0421,62,56094,227196,672,Unemployed,0,15040,Personal,1,61171,3275,0
APP0422,64,88241,437176,799,Part-Time,149,6705,Home,4,86816,3865,0
APP0423,56,104848,316307,791,Unemployed,0,19560,Medical,0,63142,1322,0
APP0424,42,149546,149956,807,Unemployed,0,56458,Personal,2,85998,3247,0
APP0425,33,39651,276210,603,Employed,206,19661,Business,2,89228,1946,0
APP0426,22,105904,265766,631,Unemployed,0,27431,Business,3,96564,1089,0
APP0427,58,112808,304914,577,Unemployed,0,47615,Medical,1,89957,4697,0
APP0428,63,66988,270979,633,Self-Employed,215,11870,Personal,0,61706,1848,0
APP0429,37,115051,428804,766,Self-Employed,174,21996,Medical,0,29131,3710,0
APP0430,35,117545,461881,637,Part-Time,201,58120,Personal,2,34152,3208,0
APP0431,50,131570,66751,720,Employed,221,41575,Vehicle,4,81350,1383,0
APP0432,51,136578,106996,736,Employed,222,44610,Business,4,39106,4184,0
APP0433,24,134143,452867,557,Self-Employed,51,22457,Business,4,59974,1973,0
APP0434,41,133035,380216,572,Employed,124,21799,Medical,1,41079,1275,0
APP0435,21,79251,148407,587,Self-Employed,147,10383,Business,0,16961,4352,0
APP0436,61,76283,216494,699,Part-Time,98,305,Home,4,26137,3856,1
APP0437,41,119201,441851,751,Self-Employed,4,44351,Home,1,29657,3620,0
APP0438,40,36899,58848,676,Unemployed,0,5472,Home,0,39085,3182,0
APP0439,50,115398,277780,785,Unemployed,0,28420,Medical,1,44922,4815,0
APP0440,43,118319,103789,564,Part-Time,4,14969,Education,1,27681,979,0
APP0441,58,86143,93596,543,Unemployed,0,42633,Home,3,83928,2895,0
APP0442,55,101675,30473,784,Employed,169,7085,Medical,0,6322,1748,0
APP0443,47,78237,204362,543,Unemployed,0,31090,Medical,1,26934,876,0
APP0444,40,75164,351902,531,Unemployed,0,8989,Business,0,67054,1764,0
APP0445,39,34943,416440,534,Part-Time,50,6545,Personal,4,26433,3732,0
APP0446,47,58712,89081,500,Part-Time,233,6805,Medical,3,43332,2721,0
APP0447,21,21671,357129,525,Employed,213,9406,Medical,3,19548,1537,0
APP0448,53,29836,384355,531,Unemployed,0,10556,Education,3,38800,2963,0
APP0449,50,26564,57328,569,Employed,218,4760,Personal,2,55836,1749,0
APP0450,27,131574,402517,503,Employed,218,9069,Medical,1,43078,3728,0
APP0451,49,145185,331005,617,Employed,95,53409,Personal,1,14920,4083,0
APP0452,46,146131,244357,619,Part-Time,176,55749,Business,3,85045,2166,0
APP0453,28,37368,369993,510,Self-Employed,26,13632,Vehicle,3,74572,4389,0
APP0454,32,100127,204098,663,Employed,220,44857,Medical,1,63318,4798,0
APP0455,28,136338,220631,705,Employed,16,17145,Medical,2,1620,2634,0
APP0456,63,134444,182366,745,Employed,110,43366,Medical,1,63167,3632,0
APP0457,63,108643,341280,677,Self-Employed,214,54161,Vehicle,4,7152,895,0
APP0458,62,142469,87275,738,Part-Time,218,32495,Education,0,98491,4827,0
APP0459,41,51574,178484,622,Employed,129,7297,Vehicle,3,52858,2725,0
APP0460,26,80174,237882,773,Part-Time,22,32666,Business,2,15559,4874,0
APP0461,62,22329,58814,686,Part-Time,9,9128,Vehicle,0,11913,3295,0
APP0462,53,93706,113449,815,Part-Time,87,23812,Home,1,59566,3519,0
APP0463,56,120586,329931,787,Part-Time,183,43068,Personal,3,14945,1598,0
APP0464,63,49064,6151,654,Unemployed,0,20763,Personal,4,68417,3862,0
APP0465,65,33935,29000,564,Part-Time,35,13409,Home,2,80065,2404,0
APP0466,33,35826,492701,681,Self-Employed,117,6244,Medical,2,14125,4195,0
APP0467,23,141454,337000,781,Employed,197,58442,Business,3,86305,4930,0
APP0468,29,146334,266529,482,Employed,141,28364,Vehicle,3,66628,2251,0
APP0469,65,95832,96042,545,Employed,99,43091,Vehicle,4,42184,4929,0
APP0470,45,74875,324288,607,Unemployed,0,26074,Personal,2,59355,1892,0
APP0471,29,74099,320896,742,Unemployed,0,35901,Personal,4,82913,2580,0
APP0472,33,47487,332243,628,Unemployed,0,22032,Education,1,66046,3440,0
APP0473,28,119716,189674,767,Part-Time,149,37397,Medical,3,88374,3142,0
APP0474,48,125946,11695,747,Employed,6,24960,Education,0,87851,1263,0
APP0475,33,54993,398313,562,Unemployed,0,22393,Personal,1,8130,3217,0
APP0476,34,118775,288730,496,Unemployed,0,53348,Business,0,80754,2637,0
APP0477,62,93566,208888,601,Unemployed,0,45412,Medical,0,50014,3974,0
APP0478,47,145396,418197,640,Employed,3,48737,Personal,1,81338,4429,0
APP0479,35,139470,337287,811,Unemployed,0,49486,Vehicle,4,96790,2409,0
APP0480,33,58558,240308,570,Employed,47,5694,Medical,4,15643,3890,0
APP0481,23,76165,151335,764,Unemployed,0,8524,Education,4,33425,846,0
APP0482,42,81122,377081,559,Employed,39,21143,Vehicle,0,81968,3267,0
APP0483,52,123534,305247,761,Unemployed,0,4776,Medical,2,68864,2601,0
APP0484,32,88236,40744,738,Self-Employed,106,35591,Vehicle,3,12051,3662,0
APP0485,35,135788,116858,819,Unemployed,0,21696,Personal,2,28632,4690,0
APP0486,56,127962,399334,812,Employed,29,43839,Personal,3,31502,2797,0
APP0487,23,109463,469340,644,Part-Time,234,52180,Home,3,33631,3116,0
APP0488,22,139450,275987,671,Part-Time,124,2873,Personal,1,41984,1474,1
APP0489,31,147353,410441,755,Employed,160,4290,Education,1,89837,4275,0
APP0490,27,46945,286938,702,Employed,191,22480,Education,0,60191,3517,0
APP0491,23,31471,43403,507,Self-Employed,203,4127,Vehicle,0,75361,2664,0
APP0492,37,73429,208440,710,Part-Time,110,20735,Home,3,88250,1769,0
APP0493,55,20773,341290,796,Employed,193,9594,Home,0,46884,4919,0
APP0494,27,57989,417557,634,Employed,72,25076,Business,3,51788,1052,0
APP0495,51,40489,284690,592,Self-Employed,191,12812,Vehicle,2,83105,1980,0
APP0496,40,108773,470031,811,Unemployed,0,730,Vehicle,4,18530,1809,0
APP0497,23,20659,305269,785,Part-Time,137,8970,Home,2,27532,3616,0
APP0498,34,74087,479809,810,Self-Employed,41,12058,Education,4,33127,2391,0
APP0499,28,43770,356785,770,Employed,217,17984,Business,4,9587,3181,0
APP0500,63,28829,136432,530,Self-Employed,185,9512,Business,2,46810,1850,0
