Age,Attrition,BusinessTravel,DailyRate,Department,DistanceFromHome,Education,EducationField,EnvironmentSatisfaction,Gender,HourlyRate,JobInvolvement,JobLevel,JobRole,JobSatisfaction,MaritalStatus,MonthlyIncome,NumCompaniesWorked,OverTime,PercentSalaryHike,PerformanceRating,RelationshipSatisfaction,TotalWorkingYears,TrainingTimesLastYear,WorkLifeBalance,YearsAtCompany,YearsInCurrentRole,YearsSinceLastPromotion,YearsWithCurrManager
30,No,Travel_Frequently,283,Research & Development,20,4,Medical,2,Female,57,3,4,Healthcare Representative,2,Divorced,14052,8,No,14,3,4,12,6,2,2,2,1,1
51,No,Travel_Rarely,1194,Sales,3,4,Human Resources,4,Male,89,1,3,Manager,1,Single,19782,0,No,14,3,4,39,1,3,1,0,1,0
28,No,Travel_Rarely,775,Sales,5,5,Technical Degree,4,Male,37,2,4,Sales Executive,4,Married,6182,4,No,19,4,2,23,5,1,20,15,1,1
56,No,Travel_Rarely,398,Sales,30,2,Human Resources,4,Female,93,2,3,Manager,2,Single,11198,2,Yes,24,4,2,5,4,1,3,2,1,0
39,No,Non-Travel,176,Human Resources,30,3,Other,4,Female,86,2,3,Human Resources,2,Divorced,15068,5,No,14,4,1,21,1,4,12,12,6,12
42,No,Travel_Frequently,756,Human Resources,26,4,Human Resources,4,Male,62,4,3,Human Resources,3,Married,3783,8,No,21,3,3,25,5,1,13,10,4,9
30,No,Travel_Frequently,451,Human Resources,26,3,Other,3,Female,59,4,3,Manager,4,Divorced,11179,3,No,17,3,1,33,4,2,0,0,0,0
28,No,Travel_Frequently,688,Human Resources,7,1,Life Sciences,2,Female,39,1,1,Manager,4,Married,18900,9,No,15,4,3,13,6,3,14,1,8,13
29,No,Travel_Frequently,466,Research & Development,12,3,Medical,4,Female,89,4,2,Healthcare Representative,3,Married,14247,6,No,20,4,2,5,4,3,4,1,3,3
25,No,Travel_Frequently,753,Human Resources,14,3,Medical,4,Male,36,4,1,Human Resources,3,Single,18965,4,No,16,3,3,11,6,1,20,14,0,1
32,No,Non-Travel,1244,Human Resources,6,3,Other,1,Male,44,2,2,Manager,2,Single,13465,1,No,19,3,1,33,5,4,8,6,4,2
57,Yes,Non-Travel,400,Research & Development,16,5,Other,3,Male,59,4,1,Laboratory Technician,2,Single,7660,4,No,20,4,1,11,6,1,20,5,6,14
38,No,Travel_Rarely,694,Research & Development,4,4,Technical Degree,4,Male,35,3,2,Research Director,1,Divorced,1869,4,No,21,4,3,21,6,1,5,0,1,3
53,No,Non-Travel,534,Research & Development,8,3,Medical,1,Male,85,1,5,Laboratory Technician,2,Single,8965,2,No,24,3,2,12,5,3,13,4,8,0
55,Yes,Non-Travel,799,Research & Development,14,2,Technical Degree,2,Male,77,2,2,Laboratory Technician,4,Divorced,16122,1,Yes,20,4,2,7,3,1,16,6,6,5
33,No,Travel_Rarely,909,Sales,17,5,Life Sciences,3,Male,62,3,5,Sales Representative,2,Married,18686,3,Yes,18,3,1,2,0,2,7,6,3,0
21,Yes,Travel_Rarely,897,Research & Development,5,3,Human Resources,2,Female,55,4,1,Laboratory Technician,3,Single,7930,5,No,16,3,2,39,0,3,0,1,0,0
42,Yes,Travel_Rarely,244,Research & Development,21,1,Technical Degree,2,Male,85,1,3,Research Director,2,Married,8442,3,Yes,17,4,3,21,5,1,0,1,0,0
22,No,Non-Travel,535,Research & Development,15,4,Human Resources,2,Male,63,1,4,Laboratory Technician,1,Single,10379,4,No,22,3,3,32,6,3,19,14,1,13
56,No,Travel_Rarely,1319,Research & Development,3,1,Life Sciences,3,Male,46,4,2,Laboratory Technician,1,Married,10667,7,No,25,3,1,8,6,4,2,1,2,0
58,No,Non-Travel,734,Sales,27,2,Technical Degree,1,Female,42,1,3,Manager,1,Divorced,10899,2,No,15,4,2,18,5,4,5,0,1,0
34,No,Travel_Rarely,616,Human Resources,17,3,Other,4,Male,88,3,2,Human Resources,4,Single,8627,8,No,16,3,2,40,2,2,19,19,7,16
53,No,Travel_Rarely,1037,Sales,4,1,Life Sciences,2,Male,41,2,3,Sales Executive,4,Single,4198,0,No,12,3,3,20,1,1,12,8,9,10
23,Yes,Travel_Frequently,612,Human Resources,16,5,Human Resources,3,Female,57,3,2,Human Resources,1,Single,12470,8,No,22,4,2,14,6,1,9,8,6,9
28,No,Non-Travel,1193,Research & Development,11,5,Marketing,2,Female,52,3,1,Healthcare Representative,3,Divorced,6507,2,Yes,19,4,1,22,3,3,0,0,0,0
58,No,Travel_Rarely,630,Sales,4,2,Marketing,4,Male,38,3,1,Sales Executive,1,Single,13934,5,No,16,4,3,38,1,4,17,3,8,9
26,Yes,Travel_Rarely,1172,Research & Development,18,2,Marketing,2,Female,85,4,1,Healthcare Representative,2,Married,19032,4,Yes,11,4,2,31,5,3,17,2,8,15
50,No,Travel_Frequently,182,Research & Development,3,1,Medical,2,Male,87,2,5,Laboratory Technician,1,Married,5725,5,Yes,18,3,2,3,4,4,11,3,8,2
29,No,Travel_Frequently,905,Human Resources,28,3,Technical Degree,4,Male,66,3,2,Manager,2,Divorced,3352,0,Yes,25,3,3,37,6,3,1,1,1,0
34,Yes,Non-Travel,1240,Human Resources,6,1,Other,3,Female,59,2,1,Manager,2,Single,10028,9,Yes,19,3,3,17,2,4,12,6,6,5
34,No,Travel_Rarely,1389,Research & Development,11,2,Marketing,2,Male,36,4,5,Laboratory Technician,3,Divorced,16725,4,No,20,3,4,14,4,1,17,3,7,12
52,Yes,Non-Travel,934,Research & Development,8,3,Life Sciences,3,Male,37,1,1,Healthcare Representative,3,Divorced,9605,6,Yes,18,4,2,17,3,2,2,1,0,2
59,No,Travel_Frequently,378,Sales,16,4,Technical Degree,4,Male,88,4,5,Sales Executive,4,Divorced,6198,7,No,15,4,4,7,3,3,5,0,4,5
25,Yes,Non-Travel,1221,Research & Development,14,5,Life Sciences,4,Male,46,2,2,Laboratory Technician,3,Single,3460,3,No,23,4,1,23,5,1,13,0,5,0
30,Yes,Travel_Rarely,810,Sales,30,3,Medical,2,Female,32,4,1,Sales Executive,2,Single,10162,7,Yes,20,3,2,26,6,2,5,2,3,2
48,No,Non-Travel,779,Research & Development,4,1,Technical Degree,3,Female,30,2,3,Laboratory Technician,3,Married,2439,4,No,16,4,3,21,5,4,0,1,0,1
32,No,Travel_Rarely,552,Sales,28,2,Life Sciences,1,Male,100,3,5,Manager,3,Married,8125,1,No,13,3,3,21,1,1,2,1,0,1
28,Yes,Travel_Rarely,1433,Research & Development,12,5,Marketing,1,Male,70,2,1,Laboratory Technician,1,Single,16878,2,Yes,15,4,1,39,0,2,9,8,5,2
55,No,Travel_Frequently,1029,Sales,9,4,Medical,3,Female,59,3,5,Manager,2,Single,9124,3,No,22,3,3,30,6,4,11,11,2,3
20,Yes,Non-Travel,279,Sales,4,1,Life Sciences,1,Male,32,3,3,Manager,2,Married,3816,1,No,13,4,4,39,0,2,13,6,0,2
50,No,Travel_Frequently,543,Research & Development,22,2,Life Sciences,3,Female,60,4,1,Laboratory Technician,4,Married,11690,4,No,24,4,2,8,0,1,5,1,5,3
30,Yes,Travel_Frequently,1197,Sales,1,5,Technical Degree,2,Female,64,3,5,Sales Executive,2,Married,4132,3,Yes,13,4,3,31,6,4,18,7,4,16
26,Yes,Travel_Frequently,696,Human Resources,26,1,Marketing,1,Female,53,3,5,Human Resources,1,Single,18652,9,No,12,3,3,24,1,2,16,4,2,15
28,No,Non-Travel,1088,Research & Development,23,5,Medical,3,Female,65,3,4,Healthcare Representative,3,Single,8775,9,No,14,4,1,34,3,2,8,4,4,0
42,Yes,Non-Travel,149,Research & Development,26,5,Life Sciences,3,Female,43,4,3,Research Scientist,2,Divorced,7453,8,No,19,4,4,1,4,1,12,1,8,7
33,No,Travel_Frequently,527,Human Resources,26,2,Human Resources,3,Female,35,3,2,Manager,3,Married,6785,3,Yes,24,4,3,4,1,1,20,6,1,18
42,Yes,Non-Travel,778,Sales,26,4,Medical,4,Male,94,1,1,Sales Executive,2,Married,11273,1,No,14,4,4,13,6,2,18,17,6,10
55,No,Travel_Rarely,877,Human Resources,12,1,Human Resources,2,Male,57,4,5,Manager,3,Divorced,14870,7,No,19,3,4,28,4,4,7,0,2,3
55,No,Non-Travel,387,Sales,21,2,Marketing,4,Female,75,1,5,Sales Representative,4,Divorced,9631,8,No,21,4,1,13,3,1,7,6,1,2
52,No,Travel_Frequently,900,Sales,30,2,Life Sciences,2,Male,95,1,5,Sales Representative,3,Divorced,16985,4,No,16,4,4,3,6,3,3,0,1,3
36,Yes,Non-Travel,1121,Sales,17,2,Medical,3,Male,90,3,1,Sales Executive,4,Married,14488,0,No,19,3,4,39,5,1,8,2,7,0
43,No,Travel_Rarely,506,Human Resources,13,4,Human Resources,2,Female,42,4,1,Human Resources,2,Divorced,2196,4,No,16,3,2,21,0,3,20,0,2,4
39,No,Non-Travel,178,Research & Development,18,3,Technical Degree,4,Male,71,3,3,Research Scientist,4,Single,6877,9,No,22,3,2,4,2,3,2,0,1,2
45,No,Travel_Rarely,1143,Sales,9,4,Life Sciences,3,Male,92,2,3,Manager,1,Divorced,5955,5,No,22,4,4,8,4,1,7,0,2,2
22,Yes,Travel_Rarely,1337,Human Resources,11,3,Technical Degree,3,Male,30,1,3,Human Resources,2,Married,14071,7,No,15,3,3,20,5,4,18,2,10,4
22,Yes,Non-Travel,106,Human Resources,11,1,Technical Degree,3,Female,63,3,2,Human Resources,3,Divorced,7137,3,No,14,4,2,38,2,2,7,3,6,1
18,No,Travel_Frequently,611,Research & Development,12,4,Human Resources,1,Female,46,3,4,Research Scientist,1,Single,19209,9,No,18,4,4,30,6,1,5,2,1,2
49,No,Travel_Rarely,833,Research & Development,7,3,Medical,3,Female,42,3,1,Laboratory Technician,2,Married,18599,4,No,17,3,4,8,3,2,8,2,7,6
56,Yes,Non-Travel,219,Sales,11,4,Human Resources,2,Male,69,2,3,Sales Representative,4,Divorced,19306,9,Yes,16,4,1,7,0,1,17,14,7,5
30,No,Travel_Rarely,335,Sales,3,2,Human Resources,2,Female,67,4,2,Manager,1,Married,7579,0,No,15,4,3,35,0,2,4,4,2,3
39,Yes,Travel_Rarely,479,Human Resources,16,4,Technical Degree,4,Female,87,4,2,Human Resources,1,Divorced,15698,7,No,18,4,1,8,4,1,4,1,1,3
46,Yes,Travel_Rarely,871,Research & Development,27,3,Human Resources,1,Female,79,1,5,Laboratory Technician,4,Divorced,3706,9,No,13,4,1,28,3,1,1,0,0,0
48,Yes,Non-Travel,761,Human Resources,7,2,Other,3,Female,95,3,5,Human Resources,1,Single,7229,0,Yes,19,4,1,4,2,1,1,0,1,1
46,No,Travel_Frequently,257,Human Resources,29,4,Technical Degree,2,Male,74,3,1,Human Resources,4,Single,14362,4,Yes,15,3,4,4,0,4,3,0,0,2
20,Yes,Travel_Frequently,868,Human Resources,23,3,Medical,3,Male,65,4,5,Human Resources,2,Single,3814,1,No,13,3,4,20,5,3,5,2,2,0
52,No,Travel_Frequently,1271,Research & Development,22,1,Medical,4,Female,81,1,1,Laboratory Technician,4,Married,11104,6,No,14,3,4,39,4,4,3,3,1,3
51,Yes,Travel_Rarely,522,Sales,9,4,Medical,2,Female,57,1,2,Manager,3,Married,2623,8,Yes,12,3,4,23,1,1,20,20,2,13
33,No,Travel_Frequently,637,Research & Development,30,1,Human Resources,2,Male,80,2,1,Healthcare Representative,2,Married,9881,1,No,24,3,4,10,0,1,15,7,10,14
31,Yes,Travel_Rarely,1015,Sales,11,2,Other,3,Female,61,4,4,Sales Representative,3,Married,12268,5,Yes,12,4,1,9,0,4,2,0,0,2
38,No,Non-Travel,649,Human Resources,16,5,Other,3,Female,51,4,4,Human Resources,3,Divorced,18459,3,No,14,4,3,5,0,1,2,0,0,0
54,No,Travel_Rarely,529,Research & Development,9,4,Marketing,1,Male,53,3,3,Healthcare Representative,3,Divorced,13752,0,No,25,4,4,9,6,4,0,0,0,1
22,Yes,Non-Travel,404,Human Resources,2,5,Marketing,4,Male,81,1,3,Manager,3,Single,13466,7,No,16,4,1,3,6,4,17,8,5,4
47,No,Travel_Frequently,201,Research & Development,28,3,Technical Degree,4,Male,44,2,1,Research Director,1,Married,1827,2,No,11,3,3,36,0,3,12,0,8,1
53,No,Travel_Frequently,163,Research & Development,7,5,Life Sciences,2,Male,40,3,1,Research Director,2,Divorced,10101,7,No,14,3,4,2,4,3,18,3,1,10
48,No,Non-Travel,811,Research & Development,7,2,Human Resources,3,Male,67,2,2,Research Scientist,1,Divorced,17432,3,Yes,24,4,4,33,5,1,14,14,1,0
54,Yes,Travel_Rarely,285,Human Resources,11,2,Other,2,Female,98,3,3,Human Resources,3,Divorced,7675,1,No,20,3,2,15,0,2,13,10,6,3
33,No,Travel_Rarely,953,Human Resources,15,5,Marketing,2,Female,57,2,3,Manager,1,Divorced,12425,4,No,22,4,1,32,2,4,9,6,8,7
48,No,Travel_Rarely,831,Sales,5,2,Medical,4,Female,100,4,5,Sales Executive,2,Divorced,13531,6,No,22,3,4,8,6,2,16,5,4,14
56,No,Non-Travel,655,Research & Development,3,5,Human Resources,4,Male,71,3,3,Research Scientist,1,Single,17436,1,No,11,3,2,27,1,4,16,11,9,10
57,Yes,Non-Travel,224,Research & Development,9,3,Medical,1,Male,67,2,5,Laboratory Technician,1,Married,5874,0,No,20,4,2,8,3,4,10,2,4,8
42,No,Travel_Rarely,1178,Sales,28,3,Other,1,Female,85,3,4,Sales Executive,4,Single,6359,7,Yes,12,3,4,34,4,2,15,3,1,7
40,Yes,Travel_Rarely,609,Human Resources,4,4,Life Sciences,4,Male,79,1,2,Human Resources,3,Married,16813,5,No,17,4,1,36,1,2,7,7,7,1
25,No,Travel_Rarely,1031,Sales,5,4,Other,2,Male,52,3,5,Sales Executive,2,Married,3201,7,No,23,3,4,35,6,3,19,3,5,4
36,Yes,Non-Travel,145,Sales,27,1,Technical Degree,2,Male,82,4,1,Sales Representative,3,Single,2451,8,Yes,12,3,1,29,4,4,15,8,3,8
39,No,Travel_Rarely,932,Research & Development,19,1,Other,3,Female,99,2,2,Research Director,4,Divorced,3484,0,No,11,3,2,27,4,4,9,1,0,9
40,Yes,Travel_Frequently,1294,Human Resources,13,3,Other,4,Female,75,2,4,Manager,3,Divorced,4457,5,No,23,3,4,20,1,1,0,0,0,0
19,No,Non-Travel,240,Human Resources,23,5,Technical Degree,1,Female,54,3,2,Human Resources,4,Single,4887,3,No,19,4,3,20,5,1,12,2,7,12
54,Yes,Travel_Rarely,203,Research & Development,8,1,Other,4,Female,65,1,4,Laboratory Technician,2,Single,2812,5,No,11,3,2,37,4,1,13,8,1,0
22,Yes,Non-Travel,114,Research & Development,29,3,Other,3,Male,38,4,4,Research Scientist,1,Married,7208,4,No,14,4,2,30,1,1,1,0,1,1
20,No,Non-Travel,1400,Human Resources,12,5,Medical,2,Female,45,1,2,Human Resources,3,Married,18698,6,No,22,4,1,2,0,3,2,2,1,2
60,No,Travel_Rarely,1287,Sales,5,4,Medical,1,Female,60,3,1,Sales Representative,4,Divorced,7233,8,No,15,3,1,17,5,3,4,3,0,4
42,No,Travel_Rarely,1071,Research & Development,7,1,Other,4,Female,46,2,2,Laboratory Technician,1,Divorced,4254,5,No,16,3,2,28,3,2,18,17,3,6
57,Yes,Non-Travel,1199,Sales,4,5,Other,3,Female,42,1,5,Sales Executive,2,Married,13938,8,Yes,24,4,1,38,5,1,5,2,5,4
40,No,Travel_Frequently,1359,Human Resources,30,5,Marketing,3,Male,35,1,5,Human Resources,4,Divorced,2115,8,No,17,3,1,35,4,3,2,1,1,0
41,Yes,Non-Travel,763,Sales,11,2,Life Sciences,4,Male,94,3,2,Manager,3,Single,11678,3,Yes,23,4,4,11,3,4,0,0,0,0
54,Yes,Travel_Frequently,1192,Human Resources,2,1,Other,4,Female,59,4,3,Manager,4,Single,16477,6,Yes,19,3,3,15,6,3,15,5,3,5
39,No,Travel_Rarely,142,Research & Development,15,4,Technical Degree,4,Female,72,2,1,Laboratory Technician,4,Divorced,17254,8,No,17,4,3,3,5,3,11,6,3,9
38,Yes,Non-Travel,555,Research & Development,25,1,Human Resources,3,Female,82,4,4,Research Director,4,Married,13587,1,No,18,4,3,9,4,3,8,7,3,7
18,No,Travel_Frequently,731,Sales,14,5,Life Sciences,2,Male,30,3,5,Sales Executive,4,Divorced,19114,8,Yes,25,3,4,28,1,2,19,19,3,7
39,No,Non-Travel,309,Research & Development,11,5,Life Sciences,1,Male,65,2,4,Healthcare Representative,1,Divorced,13879,4,No,22,4,4,37,1,1,4,4,4,3
30,No,Travel_Rarely,193,Human Resources,13,5,Medical,2,Female,60,3,4,Human Resources,4,Divorced,15925,0,Yes,25,4,2,12,0,3,14,2,7,1
18,No,Travel_Rarely,783,Sales,21,2,Medical,4,Female,64,4,1,Sales Executive,3,Married,18276,2,No,21,4,1,33,5,2,3,1,0,3
19,Yes,Travel_Frequently,135,Human Resources,13,2,Life Sciences,1,Male,55,3,3,Manager,3,Single,6293,7,Yes,12,4,3,8,2,4,8,2,4,1
29,No,Non-Travel,1288,Human Resources,23,4,Technical Degree,4,Female,72,4,5,Manager,2,Divorced,13098,9,No,22,3,1,37,2,4,3,2,1,0
44,No,Travel_Rarely,122,Sales,12,5,Marketing,1,Female,86,3,3,Sales Executive,2,Married,2533,6,No,25,3,4,8,0,3,0,0,0,0
27,No,Travel_Frequently,846,Research & Development,15,3,Technical Degree,3,Male,69,4,3,Healthcare Representative,3,Married,8895,0,Yes,18,3,4,15,4,1,7,7,3,1
47,Yes,Travel_Frequently,1195,Sales,14,1,Medical,3,Female,34,1,1,Manager,4,Single,11251,7,No,21,3,4,25,4,1,6,6,6,5
39,No,Travel_Frequently,777,Research & Development,19,1,Marketing,4,Male,37,2,4,Healthcare Representative,3,Married,17426,0,No,14,3,3,10,0,1,1,1,1,0
26,No,Non-Travel,336,Sales,3,2,Life Sciences,3,Female,80,2,2,Sales Executive,4,Single,15355,8,Yes,15,3,4,34,3,3,8,1,1,1
35,No,Non-Travel,771,Human Resources,11,4,Life Sciences,3,Female,35,4,4,Human Resources,2,Divorced,19923,9,Yes,17,4,3,38,6,3,16,8,10,3
60,No,Non-Travel,425,Sales,15,2,Other,4,Female,45,2,5,Manager,3,Single,4975,7,No,21,3,3,28,5,3,15,13,1,15
50,No,Travel_Frequently,636,Research & Development,26,2,Technical Degree,2,Female,96,1,2,Research Scientist,4,Married,6080,2,No,25,3,2,23,3,4,15,4,3,7
41,No,Travel_Rarely,774,Sales,24,5,Medical,3,Female,86,3,1,Sales Executive,2,Divorced,16473,8,No,11,3,1,25,0,3,5,2,4,4
37,No,Travel_Frequently,1284,Research & Development,12,5,Technical Degree,4,Male,62,3,5,Research Director,3,Divorced,4640,2,No,25,4,3,38,2,1,3,3,1,1
55,No,Travel_Rarely,829,Human Resources,19,4,Medical,3,Female,62,3,2,Manager,4,Married,16763,3,No,11,3,2,31,6,3,2,0,1,2
21,No,Non-Travel,141,Research & Development,17,1,Technical Degree,2,Male,44,1,3,Research Director,4,Married,6141,2,Yes,19,4,4,19,3,3,8,3,6,7
25,Yes,Travel_Rarely,128,Human Resources,30,4,Marketing,1,Male,57,1,3,Manager,4,Married,15930,9,No,14,3,4,15,4,1,8,0,8,7
51,No,Non-Travel,1468,Research & Development,22,1,Medical,2,Female,83,3,3,Research Scientist,2,Single,7344,5,No,19,3,2,26,3,3,5,4,2,5
31,No,Travel_Rarely,448,Sales,25,4,Other,2,Female,59,3,2,Sales Executive,2,Single,18349,5,No,11,4,3,4,4,2,8,5,0,8
49,Yes,Travel_Rarely,1026,Human Resources,16,4,Medical,3,Female,98,2,5,Human Resources,4,Married,4813,9,No,22,4,2,4,4,3,7,0,5,3
34,No,Non-Travel,411,Human Resources,18,4,Technical Degree,2,Male,47,2,3,Manager,3,Married,16177,2,No,25,4,2,1,4,1,18,4,7,16
53,No,Travel_Rarely,153,Research & Development,29,3,Other,3,Male,68,2,2,Research Director,3,Divorced,4621,6,No,20,4,2,32,0,2,0,1,0,1
43,Yes,Travel_Frequently,310,Research & Development,30,3,Technical Degree,1,Male,61,2,2,Research Director,4,Single,19331,0,Yes,12,4,1,7,0,2,11,0,7,8
30,No,Travel_Frequently,600,Human Resources,11,4,Technical Degree,3,Male,31,2,2,Human Resources,4,Single,11151,4,Yes,12,4,3,34,4,3,11,6,3,8
48,No,Travel_Rarely,1064,Sales,23,1,Other,2,Female,53,3,3,Manager,3,Married,11467,2,Yes,24,3,1,35,4,4,12,4,10,5
22,Yes,Travel_Frequently,367,Research & Development,22,5,Marketing,4,Male,37,2,2,Research Scientist,1,Divorced,14336,1,No,17,4,2,5,0,4,15,11,3,8
25,Yes,Travel_Rarely,304,Human Resources,13,3,Medical,2,Male,32,4,3,Human Resources,2,Single,10922,7,No,25,4,3,16,3,3,10,3,5,4
29,Yes,Non-Travel,117,Research & Development,6,2,Other,1,Female,49,2,5,Laboratory Technician,1,Divorced,8869,6,No,18,3,3,34,5,2,14,3,9,13
24,No,Travel_Frequently,1460,Human Resources,10,3,Other,3,Female,79,4,2,Manager,3,Married,7266,1,No,16,4,4,12,4,2,9,7,5,3
45,No,Travel_Rarely,335,Human Resources,16,5,Other,2,Male,91,4,4,Human Resources,2,Single,8900,1,No,12,3,3,12,4,3,13,6,0,3
53,No,Travel_Frequently,941,Human Resources,30,2,Marketing,3,Female,45,1,3,Manager,4,Married,5948,4,No,18,4,1,27,1,3,8,0,6,2
18,No,Non-Travel,538,Human Resources,16,3,Other,3,Male,74,1,2,Human Resources,4,Married,9437,0,No,16,4,4,24,4,4,6,6,5,2
24,No,Travel_Rarely,1148,Sales,9,3,Human Resources,3,Female,64,4,3,Sales Representative,3,Married,7791,0,No,16,4,2,9,6,4,4,3,3,1
42,Yes,Travel_Frequently,306,Sales,22,3,Life Sciences,2,Male,87,1,5,Sales Representative,3,Single,6797,0,No,14,3,1,10,1,2,12,6,4,1
22,Yes,Non-Travel,703,Sales,7,3,Technical Degree,4,Female,92,1,4,Sales Representative,3,Divorced,14198,5,Yes,17,3,4,29,6,3,6,6,1,1
35,No,Non-Travel,652,Research & Development,19,1,Marketing,3,Female,58,3,4,Laboratory Technician,3,Single,13993,6,No,20,3,2,21,1,3,16,2,9,13
36,Yes,Non-Travel,680,Research & Development,5,3,Human Resources,2,Male,76,3,5,Laboratory Technician,1,Divorced,7114,9,No,25,3,3,21,3,2,13,6,10,8
35,No,Travel_Frequently,1477,Research & Development,4,3,Medical,4,Male,76,3,3,Research Scientist,1,Single,6926,1,No,18,3,3,27,4,4,20,18,5,4
21,No,Non-Travel,624,Research & Development,26,1,Other,2,Female,65,4,1,Laboratory Technician,3,Married,1610,3,No,18,4,1,17,6,3,6,3,4,0
26,No,Travel_Frequently,735,Research & Development,6,2,Medical,1,Male,54,1,3,Laboratory Technician,2,Married,7685,2,No,13,4,3,15,6,3,0,0,0,1
19,Yes,Travel_Rarely,740,Research & Development,12,1,Medical,2,Male,81,3,1,Laboratory Technician,1,Single,13462,5,No,14,3,2,17,3,4,8,0,1,3
39,No,Travel_Frequently,1149,Sales,19,4,Marketing,3,Male,87,2,3,Manager,2,Married,6896,8,No,19,4,3,26,6,2,2,0,2,1
43,No,Non-Travel,357,Human Resources,11,1,Medical,1,Female,76,4,2,Manager,4,Divorced,17520,4,No,16,3,2,6,2,1,5,5,5,4
58,No,Travel_Rarely,1265,Sales,7,1,Medical,4,Female,97,4,5,Sales Executive,2,Married,7043,2,No,23,4,1,29,5,4,5,5,4,3
55,No,Non-Travel,760,Sales,13,5,Other,2,Female,48,2,1,Manager,3,Single,8336,3,No,23,4,3,7,2,1,14,9,8,6
23,No,Travel_Rarely,450,Human Resources,12,3,Human Resources,4,Male,49,4,3,Human Resources,2,Divorced,2320,1,No,24,4,3,34,3,1,16,8,2,2
40,No,Non-Travel,938,Research & Development,29,3,Life Sciences,3,Female,77,4,1,Research Scientist,3,Divorced,9763,5,No,25,3,1,21,4,2,17,9,3,11
18,No,Non-Travel,620,Human Resources,1,3,Medical,3,Female,62,2,2,Human Resources,4,Single,14791,4,No,15,4,4,14,6,4,13,6,8,1
52,No,Travel_Rarely,1222,Research & Development,8,1,Technical Degree,1,Male,76,3,1,Research Director,4,Divorced,13117,8,No,24,3,3,1,1,2,6,0,2,0
54,Yes,Travel_Frequently,792,Sales,23,2,Life Sciences,3,Male,62,3,4,Sales Representative,4,Married,5597,7,No,25,3,2,6,6,3,20,5,7,2
46,No,Travel_Frequently,520,Research & Development,11,4,Other,3,Female,36,3,2,Laboratory Technician,4,Divorced,4007,9,No,22,3,2,27,3,3,4,1,3,0
33,No,Non-Travel,1309,Sales,16,4,Medical,3,Female,58,2,5,Sales Representative,2,Single,15562,9,No,12,3,3,30,2,2,5,0,1,0
43,Yes,Non-Travel,404,Research & Development,9,1,Human Resources,2,Female,98,1,5,Healthcare Representative,1,Single,12728,5,Yes,19,3,3,15,2,3,19,6,0,10
28,No,Travel_Frequently,685,Sales,26,4,Medical,2,Female,70,2,4,Sales Executive,4,Single,16296,8,Yes,13,3,1,12,6,4,19,19,1,0
53,Yes,Travel_Frequently,321,Human Resources,25,5,Other,1,Male,74,1,3,Manager,1,Single,11577,2,Yes,17,3,3,40,3,3,20,8,8,17
58,No,Travel_Frequently,532,Research & Development,29,3,Other,4,Male,48,2,1,Research Director,2,Divorced,12202,3,Yes,24,4,3,15,0,3,15,15,4,3
30,No,Non-Travel,1184,Sales,10,3,Marketing,3,Female,52,2,5,Manager,4,Married,10199,7,No,19,3,2,31,6,2,18,15,8,5
31,No,Non-Travel,552,Sales,8,2,Technical Degree,2,Male,66,1,3,Sales Executive,4,Single,7075,1,No,15,3,4,10,5,3,11,5,7,3
56,No,Non-Travel,665,Human Resources,29,1,Medical,3,Female,42,2,5,Human Resources,3,Married,13350,8,Yes,16,4,4,30,2,1,10,3,1,9
18,No,Non-Travel,848,Human Resources,14,1,Marketing,4,Female,100,2,3,Manager,2,Single,12229,3,No,24,4,2,27,2,1,10,5,2,6
47,Yes,Travel_Rarely,142,Sales,4,2,Other,3,Female,66,2,3,Sales Representative,3,Married,18709,7,No,19,3,4,20,5,2,15,14,5,3
36,Yes,Travel_Rarely,742,Human Resources,17,3,Medical,4,Male,30,2,3,Human Resources,3,Married,13769,4,No,23,3,1,31,5,1,11,7,1,2
54,No,Non-Travel,818,Sales,12,5,Marketing,4,Male,69,3,2,Manager,2,Divorced,3039,2,No,13,4,1,21,5,3,16,16,5,0
24,Yes,Travel_Rarely,647,Sales,18,5,Technical Degree,2,Male,78,3,3,Sales Representative,3,Single,11979,5,No,11,3,4,4,1,3,14,4,7,4
33,No,Travel_Rarely,1459,Sales,9,4,Other,2,Female,38,4,3,Manager,1,Divorced,11026,6,No,14,4,1,15,6,4,11,4,5,4
60,Yes,Travel_Frequently,623,Human Resources,27,3,Medical,1,Female,54,1,4,Manager,1,Divorced,17980,5,Yes,18,3,4,38,3,3,0,1,0,0
38,No,Non-Travel,1472,Sales,14,3,Life Sciences,3,Female,69,4,1,Sales Executive,2,Single,6252,8,No,18,4,1,21,3,1,7,5,4,7
58,No,Travel_Rarely,211,Human Resources,28,3,Human Resources,1,Male,38,2,5,Human Resources,2,Single,1609,8,No,21,3,2,28,4,3,19,6,5,19
60,No,Travel_Rarely,1326,Human Resources,7,2,Marketing,4,Female,90,4,1,Human Resources,3,Single,14094,2,No,22,3,2,37,1,4,4,2,3,3
38,Yes,Non-Travel,1133,Sales,25,2,Medical,3,Male,82,2,1,Sales Executive,2,Single,9886,1,Yes,25,3,2,39,2,2,15,15,6,11
34,No,Non-Travel,653,Research & Development,16,1,Marketing,4,Female,72,3,2,Research Director,4,Married,18647,4,No,12,3,2,12,1,3,14,1,10,11
31,Yes,Travel_Frequently,876,Research & Development,21,3,Life Sciences,4,Female,70,1,4,Laboratory Technician,2,Single,2286,6,No,24,3,3,10,0,3,5,3,3,3
44,No,Non-Travel,165,Sales,24,5,Life Sciences,4,Female,97,3,1,Sales Representative,2,Married,19739,1,No,17,4,4,22,6,2,5,1,4,1
22,No,Travel_Frequently,229,Sales,3,3,Marketing,1,Female,79,1,2,Manager,3,Divorced,17137,3,No,17,3,3,22,4,4,5,3,5,3
43,No,Travel_Frequently,1004,Human Resources,8,4,Medical,3,Female,34,3,4,Human Resources,2,Single,6476,3,Yes,12,4,4,16,4,4,16,8,8,6
26,No,Non-Travel,692,Human Resources,4,1,Technical Degree,4,Female,46,4,2,Manager,2,Single,9950,3,No,15,3,3,26,4,2,9,1,3,9
30,Yes,Non-Travel,1453,Human Resources,4,1,Marketing,4,Female,98,2,3,Human Resources,1,Single,13868,1,No,18,4,1,8,6,2,18,17,9,1
52,Yes,Non-Travel,691,Research & Development,19,3,Other,2,Female,35,3,2,Research Director,4,Single,2251,2,Yes,12,4,3,16,2,4,18,18,10,8
55,Yes,Travel_Rarely,688,Research & Development,29,4,Life Sciences,2,Male,79,2,2,Laboratory Technician,4,Single,14558,1,No,24,3,4,3,3,2,1,1,0,1
32,No,Non-Travel,215,Research & Development,12,4,Life Sciences,4,Female,75,4,2,Research Scientist,2,Single,13510,5,No,18,3,1,32,5,2,7,7,1,4
37,No,Non-Travel,566,Research & Development,6,3,Human Resources,3,Female,61,2,3,Research Scientist,2,Single,10038,6,No,16,4,3,16,3,2,4,4,0,0
34,No,Travel_Rarely,1371,Sales,20,4,Technical Degree,2,Female,73,4,1,Sales Representative,3,Married,14499,3,No,18,4,3,22,5,1,17,5,10,16
30,No,Travel_Frequently,529,Human Resources,23,5,Marketing,2,Female,60,3,2,Manager,2,Single,14320,8,Yes,17,3,2,19,6,4,0,1,0,1
44,Yes,Non-Travel,1226,Sales,13,5,Life Sciences,3,Female,59,2,3,Sales Executive,1,Married,4854,8,No,18,4,1,4,6,2,13,0,7,5
47,No,Travel_Rarely,1403,Sales,15,2,Technical Degree,4,Male,67,2,2,Sales Executive,3,Married,18758,1,No,11,4,4,23,0,4,15,0,5,1
26,Yes,Travel_Rarely,660,Research & Development,4,4,Other,1,Female,88,4,5,Laboratory Technician,1,Married,19578,6,No,17,3,1,25,4,2,4,0,1,2
49,Yes,Non-Travel,212,Sales,27,3,Life Sciences,3,Female,42,3,2,Manager,2,Single,5006,2,Yes,18,4,3,38,6,1,18,18,9,12
47,Yes,Travel_Rarely,627,Research & Development,15,3,Marketing,3,Female,87,4,4,Research Director,1,Single,17094,4,No,20,3,4,23,0,1,16,0,0,8
31,No,Travel_Rarely,589,Human Resources,27,5,Medical,2,Female,54,3,3,Human Resources,1,Married,16415,5,No,11,4,1,25,1,3,13,2,7,10
58,No,Non-Travel,1317,Research & Development,15,5,Other,2,Female,41,3,2,Research Scientist,4,Single,6484,9,No,20,4,4,36,2,2,17,8,8,2
31,No,Non-Travel,117,Research & Development,22,5,Technical Degree,3,Male,85,4,2,Research Scientist,4,Married,10635,5,No,12,4,2,2,5,3,16,7,5,8
31,No,Travel_Frequently,1402,Human Resources,15,1,Other,2,Male,95,4,2,Human Resources,2,Divorced,7851,1,No,12,3,4,19,3,2,15,6,9,0
59,No,Travel_Frequently,1315,Sales,11,3,Human Resources,4,Male,39,4,2,Manager,2,Divorced,8777,1,No,16,4,3,8,1,3,18,5,0,17
58,No,Travel_Frequently,1084,Sales,22,5,Medical,4,Female,36,3,2,Sales Executive,3,Divorced,12960,5,Yes,21,3,1,32,1,2,2,0,2,0
56,No,Non-Travel,543,Sales,2,5,Other,3,Male,38,4,2,Sales Executive,2,Divorced,11041,5,No,17,4,4,23,3,3,9,7,3,6
56,No,Travel_Frequently,721,Research & Development,7,5,Life Sciences,2,Male,85,4,5,Research Director,4,Divorced,19305,6,No,11,3,2,6,4,4,8,1,8,6
36,No,Travel_Frequently,385,Research & Development,27,1,Technical Degree,3,Female,55,3,4,Healthcare Representative,3,Single,13216,2,No,25,4,1,15,6,1,17,13,10,15
41,No,Travel_Frequently,667,Research & Development,22,5,Human Resources,4,Male,64,2,3,Healthcare Representative,2,Married,4181,6,Yes,22,3,4,2,0,1,17,7,8,9
57,Yes,Travel_Frequently,1195,Human Resources,19,4,Human Resources,3,Female,82,4,1,Human Resources,1,Married,18862,4,Yes,17,3,1,11,6,4,18,5,10,7
46,No,Travel_Rarely,933,Research & Development,12,2,Medical,4,Female,81,4,5,Research Director,2,Married,11440,1,No,13,4,2,22,5,1,13,4,1,13
35,No,Travel_Rarely,1339,Sales,3,3,Life Sciences,3,Male,50,4,2,Sales Representative,3,Married,14837,1,No,11,3,4,17,2,4,7,6,2,4
41,Yes,Travel_Frequently,328,Sales,13,2,Other,1,Male,70,1,5,Sales Representative,2,Single,7271,5,No,17,3,4,1,3,3,14,8,6,2
51,No,Travel_Frequently,146,Human Resources,30,3,Human Resources,2,Female,70,3,5,Manager,3,Married,11195,0,No,15,3,3,1,6,4,4,1,0,0
29,Yes,Travel_Frequently,487,Human Resources,15,4,Other,4,Male,87,1,3,Manager,1,Divorced,17302,7,Yes,15,3,1,34,2,3,11,9,5,2
52,No,Travel_Frequently,173,Research & Development,6,3,Human Resources,4,Female,34,3,5,Research Scientist,2,Single,19455,5,No,12,4,4,16,2,4,6,5,4,2
47,No,Travel_Frequently,138,Research & Development,10,2,Other,4,Female,54,2,1,Laboratory Technician,1,Single,19543,9,No,21,3,1,5,4,2,19,0,4,7
41,Yes,Travel_Rarely,723,Sales,27,2,Medical,4,Female,89,4,4,Manager,2,Divorced,10387,6,No,25,3,3,5,0,1,15,14,3,4
42,No,Travel_Rarely,1303,Research & Development,23,3,Other,4,Female,99,2,2,Research Director,3,Single,9118,0,Yes,16,4,1,28,1,2,19,11,10,15
22,No,Non-Travel,1486,Sales,22,4,Technical Degree,4,Female,43,3,3,Sales Representative,3,Single,2274,7,No,11,4,1,14,0,1,1,0,1,1
54,No,Travel_Rarely,467,Sales,29,4,Human Resources,3,Female,47,1,4,Sales Representative,1,Married,3825,9,No,16,4,2,4,5,4,11,4,4,6
24,No,Travel_Frequently,106,Research & Development,10,2,Technical Degree,4,Female,92,1,4,Laboratory Technician,4,Married,11184,3,No,12,4,1,23,3,2,1,1,0,0
18,No,Travel_Frequently,1230,Human Resources,24,2,Marketing,1,Female,100,2,2,Human Resources,1,Married,5279,2,No,24,4,4,14,2,2,7,5,5,6
39,No,Non-Travel,1058,Research & Development,14,3,Human Resources,4,Female,97,2,5,Laboratory Technician,3,Married,12924,7,Yes,25,4,3,4,6,4,13,10,6,1
27,No,Non-Travel,1481,Research & Development,5,3,Other,4,Male,41,1,4,Research Director,2,Divorced,16489,5,No,15,4,1,8,5,3,2,0,1,0
56,No,Travel_Frequently,1482,Sales,1,4,Life Sciences,3,Female,54,1,4,Manager,2,Single,15855,9,No,23,4,3,14,4,3,11,3,5,1
44,Yes,Travel_Rarely,353,Research & Development,21,3,Other,1,Male,81,4,3,Healthcare Representative,4,Single,4065,2,No,17,3,4,30,3,2,18,2,0,7
46,Yes,Non-Travel,841,Research & Development,21,4,Marketing,2,Male,61,4,1,Research Director,3,Married,19148,9,No,21,4,1,2,4,1,16,2,9,13
39,No,Travel_Frequently,1465,Sales,14,2,Medical,2,Male,44,1,4,Sales Executive,1,Married,8204,8,No,22,3,3,4,0,3,16,11,2,6
26,No,Non-Travel,666,Sales,7,5,Medical,2,Female,40,2,5,Sales Executive,1,Divorced,9367,8,Yes,11,3,1,1,0,2,17,17,5,7
18,No,Non-Travel,466,Research & Development,11,4,Life Sciences,2,Male,58,2,1,Healthcare Representative,1,Divorced,14263,2,No,13,4,1,38,3,2,16,4,5,1
35,No,Non-Travel,1122,Sales,18,3,Technical Degree,2,Male,94,1,5,Sales Executive,4,Single,17750,4,No,23,3,2,8,3,3,0,0,0,1
22,No,Travel_Rarely,347,Human Resources,1,3,Life Sciences,3,Male,44,3,1,Manager,1,Divorced,16711,4,No,20,4,4,15,2,2,9,5,7,4
23,No,Travel_Frequently,743,Sales,13,2,Life Sciences,1,Male,45,1,3,Sales Representative,4,Single,7349,8,No,21,3,2,27,1,1,17,14,0,8
41,No,Travel_Frequently,1102,Sales,4,4,Human Resources,2,Female,82,2,4,Sales Representative,2,Divorced,11907,4,No,19,4,1,2,4,4,5,5,2,4
50,Yes,Non-Travel,769,Sales,8,3,Life Sciences,2,Male,85,3,2,Sales Representative,1,Single,15406,0,No,19,3,4,4,1,3,4,4,0,4
44,Yes,Non-Travel,1064,Research & Development,1,4,Human Resources,1,Male,44,3,4,Research Scientist,3,Single,8552,3,No,14,3,4,24,3,2,15,7,8,5
55,Yes,Non-Travel,336,Research & Development,28,4,Medical,1,Female,49,4,1,Research Director,4,Single,3396,8,Yes,16,4,1,20,5,1,18,4,2,2
26,No,Travel_Frequently,1159,Research & Development,1,4,Life Sciences,2,Female,97,1,4,Research Director,2,Single,9239,0,No,12,3,1,19,1,3,12,0,2,8
30,Yes,Travel_Frequently,1214,Research & Development,16,5,Life Sciences,2,Male,61,2,5,Healthcare Representative,2,Single,5655,8,No,11,4,4,39,2,1,0,1,0,0
29,Yes,Travel_Rarely,213,Sales,30,1,Other,3,Female,96,1,2,Sales Executive,1,Married,4977,1,No,14,4,1,6,1,1,11,10,0,7
45,No,Travel_Frequently,864,Human Resources,10,3,Life Sciences,2,Female,84,3,3,Manager,4,Married,13595,8,No,13,3,2,34,2,3,8,5,2,1
28,No,Travel_Rarely,822,Sales,13,4,Human Resources,4,Male,94,4,3,Sales Executive,1,Divorced,3942,1,No,13,3,3,6,5,1,1,0,0,0
18,No,Travel_Frequently,996,Sales,8,5,Medical,3,Male,100,4,2,Sales Executive,2,Divorced,7217,2,No,12,4,2,19,1,1,3,2,0,1
22,Yes,Travel_Frequently,1204,Human Resources,19,4,Life Sciences,3,Female,44,1,1,Human Resources,1,Single,3835,3,No,17,4,2,24,1,3,7,6,1,5
53,No,Travel_Frequently,736,Sales,26,4,Other,2,Female,31,3,1,Manager,4,Single,7275,3,No,16,3,1,33,2,4,8,7,2,0
53,Yes,Travel_Frequently,1431,Research & Development,6,3,Human Resources,2,Female,34,1,5,Healthcare Representative,4,Divorced,15519,5,No,16,3,2,29,3,2,16,0,5,0
57,No,Non-Travel,978,Human Resources,22,2,Technical Degree,1,Female,61,3,2,Manager,3,Single,12525,8,Yes,24,3,4,4,6,1,16,6,5,14
39,No,Non-Travel,780,Human Resources,26,5,Technical Degree,1,Female,100,2,1,Human Resources,2,Divorced,4470,2,No,18,3,1,11,5,4,11,4,6,4
31,No,Non-Travel,994,Sales,7,3,Other,2,Male,79,2,3,Sales Representative,4,Married,19990,7,No,24,3,3,32,5,2,20,1,8,14
37,No,Travel_Frequently,1317,Research & Development,29,3,Marketing,3,Female,60,4,1,Healthcare Representative,2,Single,17523,3,No,19,3,3,24,2,2,5,5,1,2
38,No,Non-Travel,1045,Sales,19,3,Other,1,Female,86,1,5,Manager,1,Married,4248,7,No,17,3,1,3,4,2,2,0,1,1
57,No,Travel_Frequently,900,Human Resources,23,4,Other,3,Male,94,3,3,Human Resources,3,Single,1845,5,No,12,4,2,21,2,3,1,0,0,1
36,No,Non-Travel,901,Research & Development,12,3,Other,3,Male,58,4,1,Healthcare Representative,4,Single,19721,2,No,22,3,3,37,4,2,16,8,2,13
45,Yes,Travel_Frequently,636,Sales,26,4,Technical Degree,2,Male,90,2,4,Sales Executive,2,Divorced,18140,3,Yes,19,4,3,32,2,2,6,4,1,6
46,No,Travel_Rarely,1080,Research & Development,13,1,Marketing,2,Male,99,3,4,Laboratory Technician,2,Married,16169,3,No,15,3,1,38,0,4,8,6,5,4
55,No,Non-Travel,1057,Sales,11,5,Other,1,Male,47,4,1,Manager,3,Single,19438,4,No,17,3,1,20,6,1,6,6,6,1
39,Yes,Travel_Rarely,582,Sales,19,1,Life Sciences,2,Female,93,2,4,Manager,4,Single,16022,7,Yes,23,4,3,38,5,2,18,17,9,5
24,No,Travel_Frequently,1341,Human Resources,12,1,Technical Degree,4,Male,52,3,4,Human Resources,2,Married,2371,7,No,16,4,2,36,2,1,6,2,0,5
55,No,Travel_Frequently,594,Sales,3,2,Technical Degree,1,Female,56,4,3,Sales Executive,2,Divorced,19937,6,No,11,3,2,37,3,2,16,12,4,8
33,No,Non-Travel,274,Human Resources,17,2,Technical Degree,4,Female,70,1,5,Human Resources,2,Married,2430,5,No,19,4,3,12,4,3,6,2,1,1
60,No,Travel_Rarely,946,Sales,20,1,Human Resources,4,Male,100,1,2,Manager,4,Single,7023,9,No,13,4,4,31,0,2,2,0,0,2
56,No,Non-Travel,623,Research & Development,10,3,Life Sciences,2,Male,65,4,1,Research Director,1,Married,8005,9,Yes,12,4,2,13,6,2,9,8,7,2
57,Yes,Non-Travel,639,Human Resources,27,4,Marketing,1,Female,71,4,3,Human Resources,2,Married,10592,7,No,19,4,1,27,3,3,0,1,0,1
58,No,Non-Travel,319,Human Resources,17,1,Other,2,Female,31,3,4,Manager,4,Married,9102,2,No,16,4,1,15,4,2,19,13,1,4
27,No,Non-Travel,1043,Research & Development,1,5,Medical,2,Female,60,4,1,Research Scientist,3,Married,14759,8,No,19,4,3,11,3,4,7,6,6,4
52,No,Travel_Frequently,284,Research & Development,22,5,Marketing,1,Female,76,1,4,Healthcare Representative,1,Single,5141,4,No,16,3,1,5,4,1,13,6,1,6
24,No,Travel_Frequently,318,Sales,25,5,Other,3,Male,87,4,5,Sales Executive,1,Single,17263,8,No,12,3,4,36,2,4,3,2,0,2
19,No,Travel_Frequently,1262,Human Resources,28,1,Technical Degree,1,Male,66,2,4,Human Resources,3,Single,19358,9,No,23,3,3,16,2,2,11,1,7,3
35,No,Non-Travel,242,Human Resources,4,3,Medical,2,Male,46,1,4,Manager,3,Divorced,19730,6,No,25,4,1,12,1,2,10,3,2,5
38,No,Travel_Rarely,1395,Sales,21,3,Medical,2,Female,33,1,2,Sales Executive,3,Divorced,5376,3,No,18,3,3,3,4,2,0,1,0,0
39,Yes,Travel_Frequently,1184,Research & Development,5,2,Marketing,1,Female,37,1,4,Research Director,3,Single,9345,9,No,19,3,1,15,4,4,6,6,0,6
53,No,Travel_Frequently,711,Human Resources,14,2,Life Sciences,4,Male,71,3,3,Human Resources,3,Single,4443,2,Yes,19,3,3,1,5,3,16,8,0,11
32,No,Travel_Frequently,843,Research & Development,6,1,Technical Degree,3,Male,85,1,1,Laboratory Technician,2,Single,6240,2,No,14,3,3,20,4,2,9,2,9,6
59,Yes,Travel_Rarely,451,Research & Development,30,2,Human Resources,4,Female,74,4,4,Research Scientist,1,Divorced,18903,5,Yes,19,4,4,8,5,2,13,5,5,9
50,No,Travel_Rarely,1059,Sales,17,4,Medical,3,Female,43,4,2,Sales Executive,3,Divorced,5481,8,No,18,3,1,37,0,1,15,7,3,15
31,No,Non-Travel,1309,Sales,24,5,Medical,4,Female,64,4,5,Sales Executive,4,Single,4839,6,No,12,3,1,3,5,1,5,2,5,2
55,No,Non-Travel,753,Human Resources,8,2,Human Resources,1,Female,46,1,2,Manager,3,Married,9398,9,Yes,13,3,4,37,0,1,16,5,6,13
39,No,Non-Travel,1474,Sales,10,2,Other,3,Female,35,3,2,Sales Representative,1,Married,4013,1,No,15,3,4,39,5,2,15,14,9,2
54,No,Travel_Rarely,891,Sales,25,4,Human Resources,3,Female,46,1,5,Sales Executive,3,Single,2530,2,No,16,4,3,23,5,4,0,0,0,0
48,No,Travel_Rarely,1128,Human Resources,22,3,Life Sciences,1,Male,70,3,1,Manager,1,Single,6816,4,Yes,24,3,4,3,1,4,15,10,2,6
26,Yes,Travel_Rarely,180,Research & Development,30,2,Technical Degree,4,Female,42,1,3,Research Scientist,1,Divorced,16838,8,No,20,3,4,17,3,4,1,1,0,1
47,No,Travel_Frequently,502,Human Resources,21,5,Technical Degree,2,Male,56,4,4,Human Resources,4,Married,4721,9,No,23,4,4,36,0,4,1,0,1,0
25,Yes,Travel_Rarely,1125,Human Resources,16,1,Medical,3,Female,97,3,1,Manager,4,Single,17058,0,No,12,3,3,39,0,1,3,1,1,2
51,Yes,Travel_Frequently,1056,Research & Development,14,5,Medical,4,Male,99,2,1,Healthcare Representative,3,Married,3016,3,No,14,4,4,14,0,1,19,9,0,0
20,No,Non-Travel,160,Sales,6,4,Technical Degree,1,Male,72,3,3,Manager,3,Divorced,2832,8,Yes,12,3,3,8,1,4,1,0,0,1
49,No,Travel_Rarely,442,Sales,2,3,Technical Degree,2,Female,68,1,2,Sales Executive,2,Single,10624,4,Yes,12,4,2,20,3,4,20,4,9,17
30,No,Non-Travel,1406,Research & Development,19,3,Medical,3,Female,57,3,1,Healthcare Representative,2,Married,6606,5,No,14,4,1,13,2,4,2,2,1,2
60,No,Non-Travel,911,Sales,1,4,Medical,1,Male,51,1,4,Sales Executive,3,Single,19853,6,No,17,4,4,40,2,2,15,0,2,1
26,No,Non-Travel,1492,Human Resources,18,5,Human Resources,4,Female,39,3,3,Human Resources,2,Divorced,9635,6,No,14,3,2,25,2,4,16,7,6,3
19,No,Travel_Rarely,522,Sales,25,3,Human Resources,3,Male,79,4,2,Manager,3,Divorced,19489,6,No,17,4,2,1,4,2,19,14,2,2
28,No,Travel_Rarely,1092,Research & Development,4,5,Marketing,1,Male,64,4,3,Laboratory Technician,2,Divorced,4968,2,No,25,3,1,37,3,3,17,11,6,0
24,No,Travel_Frequently,705,Human Resources,5,1,Other,3,Female,39,1,5,Human Resources,4,Single,10374,1,No,25,4,1,16,4,4,4,0,0,2
25,No,Travel_Rarely,1219,Human Resources,10,2,Technical Degree,3,Male,85,2,5,Manager,1,Divorced,13747,7,No,15,4,4,7,0,1,18,7,0,18
19,No,Travel_Frequently,1415,Research & Development,24,4,Life Sciences,4,Female,75,1,3,Laboratory Technician,2,Single,5077,6,No,16,3,2,20,3,4,4,4,3,1
53,No,Travel_Rarely,1495,Sales,1,2,Technical Degree,4,Male,80,4,3,Manager,3,Divorced,16442,4,No,11,4,2,37,1,4,12,8,8,3
28,No,Travel_Rarely,502,Human Resources,17,2,Technical Degree,2,Female,51,1,2,Manager,2,Divorced,3637,0,No,13,4,1,10,6,3,1,0,0,1
47,No,Travel_Rarely,1070,Research & Development,12,5,Human Resources,2,Male,41,3,1,Research Scientist,3,Single,9366,5,No,14,3,2,27,5,2,2,2,0,2
49,No,Travel_Rarely,268,Sales,3,3,Other,2,Male,91,3,3,Sales Executive,1,Single,12408,9,Yes,11,3,2,38,5,1,15,6,10,12
40,No,Travel_Rarely,615,Sales,26,5,Other,2,Male,45,2,2,Sales Representative,4,Married,4679,1,No,18,4,3,17,3,2,19,16,2,15
48,No,Travel_Rarely,1464,Research & Development,20,3,Human Resources,3,Female,68,1,4,Laboratory Technician,4,Married,5469,1,Yes,16,4,1,25,6,4,8,3,6,5
56,Yes,Travel_Frequently,1110,Research & Development,6,3,Life Sciences,1,Female,71,1,1,Laboratory Technician,1,Single,17360,4,No,11,4,4,38,4,4,4,4,1,1
53,Yes,Travel_Frequently,990,Sales,5,5,Other,2,Male,69,1,4,Sales Executive,4,Married,18056,7,Yes,12,4,2,6,6,4,5,3,5,4
34,No,Travel_Frequently,1397,Research & Development,25,1,Other,4,Male,57,1,3,Research Scientist,3,Married,14121,8,No,17,4,1,2,3,3,10,8,3,3
44,No,Travel_Frequently,408,Sales,5,5,Human Resources,1,Female,95,2,4,Manager,3,Married,8811,5,No,20,4,2,36,2,4,6,0,5,6
53,No,Travel_Frequently,1002,Sales,12,2,Human Resources,1,Male,64,2,5,Manager,3,Married,13546,0,Yes,24,4,4,26,1,1,18,1,1,11
23,No,Non-Travel,583,Sales,27,3,Technical Degree,4,Female,75,1,1,Manager,2,Divorced,8228,1,No,19,4,1,15,3,2,8,6,2,1
40,No,Travel_Frequently,812,Human Resources,2,2,Human Resources,3,Female,91,2,3,Manager,2,Divorced,11053,7,No,13,4,1,29,3,4,5,5,4,2
59,No,Travel_Rarely,762,Human Resources,16,4,Human Resources,2,Male,54,2,4,Human Resources,4,Married,3486,9,Yes,11,4,2,1,3,2,4,1,1,1
52,Yes,Travel_Frequently,971,Sales,1,3,Technical Degree,1,Female,91,2,3,Manager,1,Single,3863,0,Yes,16,3,2,17,1,1,5,5,5,3
56,No,Non-Travel,1436,Human Resources,4,1,Medical,3,Female,60,4,2,Manager,4,Divorced,11247,2,Yes,24,4,1,22,4,1,20,4,1,14
27,No,Travel_Rarely,160,Research & Development,20,3,Medical,4,Male,74,4,5,Laboratory Technician,3,Married,19553,4,No,19,4,3,13,6,2,1,0,1,0
55,Yes,Travel_Frequently,804,Human Resources,22,5,Marketing,4,Male,90,2,1,Manager,2,Divorced,2622,3,Yes,21,3,2,23,3,1,11,10,8,3
48,No,Travel_Rarely,736,Human Resources,30,4,Medical,1,Male,86,4,3,Human Resources,4,Single,7419,5,No,16,4,4,40,2,1,17,2,8,8
37,No,Non-Travel,160,Research & Development,29,1,Life Sciences,1,Female,72,1,3,Research Director,2,Married,5681,3,No,25,3,3,27,6,3,7,7,0,7
33,No,Non-Travel,292,Sales,29,4,Marketing,1,Female,95,4,5,Manager,4,Divorced,7945,3,No,17,4,2,3,6,4,16,5,4,8
57,Yes,Travel_Rarely,1184,Sales,23,3,Other,1,Male,50,2,4,Sales Executive,2,Divorced,3202,1,Yes,18,4,2,31,6,3,20,3,10,11
42,Yes,Travel_Rarely,792,Sales,2,4,Technical Degree,2,Male,53,3,2,Sales Representative,2,Divorced,2601,4,No,16,3,3,3,1,4,2,2,1,1
26,Yes,Non-Travel,160,Research & Development,21,4,Human Resources,4,Male,30,2,1,Research Scientist,3,Married,18305,4,No,13,3,1,23,1,1,2,2,0,0
21,No,Travel_Rarely,755,Research & Development,20,2,Medical,4,Female,30,3,4,Healthcare Representative,3,Married,19434,4,No,12,4,2,10,3,3,9,4,0,1
33,No,Travel_Rarely,238,Human Resources,25,3,Medical,4,Male,59,2,3,Manager,4,Divorced,11499,3,No,14,3,3,10,6,3,8,1,3,4
22,No,Non-Travel,552,Research & Development,27,4,Technical Degree,4,Female,42,1,1,Laboratory Technician,3,Divorced,16692,0,No,14,4,4,26,1,2,20,14,8,1
37,No,Travel_Rarely,108,Human Resources,30,3,Marketing,3,Male,62,2,5,Human Resources,4,Divorced,6900,3,Yes,14,3,3,26,2,2,4,3,4,1
42,No,Non-Travel,879,Human Resources,19,3,Marketing,1,Male,44,1,5,Human Resources,2,Married,18363,3,No,13,4,3,19,2,4,16,9,0,11
27,No,Travel_Rarely,896,Research & Development,4,5,Marketing,1,Female,41,4,1,Research Scientist,2,Married,10911,2,No,20,4,2,16,4,3,14,10,9,0
35,Yes,Non-Travel,802,Sales,19,2,Other,1,Female,34,3,2,Sales Representative,3,Single,19547,6,Yes,23,4,3,20,0,4,15,15,6,12
20,No,Travel_Frequently,381,Research & Development,10,4,Human Resources,1,Female,33,3,1,Laboratory Technician,1,Divorced,6107,6,No,15,4,4,34,1,3,3,2,0,3
30,Yes,Travel_Frequently,594,Sales,10,2,Life Sciences,1,Male,58,1,3,Sales Executive,3,Married,2293,6,No,22,3,2,16,2,3,8,3,2,8
26,Yes,Travel_Rarely,1003,Human Resources,27,2,Marketing,1,Male,71,4,1,Manager,2,Single,8688,4,No,13,3,3,9,6,1,17,13,3,5
21,No,Travel_Rarely,668,Sales,27,5,Other,1,Male,68,4,5,Manager,4,Single,12757,8,No,19,4,4,37,4,3,5,5,3,4
35,Yes,Travel_Frequently,569,Sales,18,5,Other,3,Female,79,2,5,Sales Executive,2,Single,11538,1,No,15,3,2,40,3,1,18,3,1,12
46,No,Travel_Rarely,250,Human Resources,6,5,Life Sciences,3,Female,98,1,2,Human Resources,2,Divorced,3395,7,No,21,4,4,21,4,2,13,6,0,11
25,No,Non-Travel,134,Human Resources,14,5,Marketing,3,Female,36,4,2,Human Resources,3,Divorced,19857,8,No,11,4,4,26,0,1,19,18,3,2
22,Yes,Non-Travel,1410,Research & Development,8,4,Technical Degree,3,Female,43,1,2,Research Scientist,2,Divorced,12502,6,Yes,14,4,3,14,0,2,13,4,2,6
43,Yes,Non-Travel,337,Research & Development,16,5,Other,3,Female,59,1,5,Research Scientist,1,Divorced,17726,9,No,16,4,3,39,6,1,6,6,1,6
44,No,Non-Travel,373,Human Resources,26,3,Technical Degree,4,Male,91,3,5,Manager,2,Married,11324,5,No,16,3,1,18,4,1,0,0,0,0
21,No,Travel_Frequently,742,Research & Development,19,2,Technical Degree,1,Male,93,1,4,Research Director,2,Divorced,1547,9,No,15,4,3,24,1,3,1,1,1,0
29,Yes,Travel_Frequently,481,Human Resources,1,3,Technical Degree,2,Male,96,4,1,Manager,1,Divorced,10225,6,No,24,4,2,11,4,1,17,16,1,8
54,No,Non-Travel,217,Human Resources,27,3,Marketing,2,Male,63,3,2,Manager,1,Single,19255,5,No,20,3,2,18,5,2,4,1,2,4
59,No,Non-Travel,1458,Human Resources,24,3,Human Resources,1,Male,65,3,5,Human Resources,3,Single,13694,4,No,22,4,2,37,6,2,13,5,9,1
29,Yes,Travel_Rarely,977,Human Resources,29,2,Human Resources,1,Male,93,4,3,Manager,3,Single,15981,8,Yes,19,4,3,18,4,4,5,2,1,4
48,No,Non-Travel,1354,Research & Development,12,2,Medical,4,Female,35,4,5,Research Director,2,Single,7261,7,No,23,3,1,17,2,1,8,5,0,3
43,Yes,Travel_Frequently,1135,Research & Development,20,4,Technical Degree,2,Female,84,2,5,Laboratory Technician,3,Divorced,17320,8,Yes,13,3,4,36,6,3,1,1,0,1
24,No,Travel_Frequently,547,Human Resources,20,2,Medical,1,Female,53,3,5,Human Resources,2,Married,6464,4,Yes,21,4,3,38,3,2,6,2,6,3
47,Yes,Travel_Rarely,355,Research & Development,13,5,Technical Degree,2,Male,93,2,4,Research Scientist,1,Divorced,2349,4,No,15,4,4,9,6,3,6,2,1,6
59,Yes,Non-Travel,1271,Research & Development,4,1,Marketing,2,Female,36,3,5,Healthcare Representative,2,Divorced,17651,8,No,20,4,4,17,4,4,20,19,10,1
48,Yes,Travel_Frequently,1038,Sales,26,2,Technical Degree,4,Female,69,2,3,Sales Executive,2,Married,13949,3,Yes,24,3,4,2,2,4,7,5,0,4
59,No,Travel_Frequently,320,Sales,2,5,Marketing,4,Female,98,4,3,Sales Executive,2,Married,10666,1,No,13,3,4,34,2,2,16,7,5,6
46,No,Non-Travel,126,Human Resources,22,4,Human Resources,3,Female,92,2,4,Manager,3,Single,15854,3,No,17,3,3,13,2,2,15,3,10,7
20,Yes,Non-Travel,514,Sales,4,3,Technical Degree,1,Male,92,1,4,Manager,4,Single,7142,7,Yes,19,4,3,30,5,1,17,9,3,3
45,No,Travel_Rarely,1005,Research & Development,4,2,Technical Degree,3,Female,30,2,5,Research Scientist,4,Married,18544,9,Yes,18,4,4,31,0,3,11,8,2,10
37,No,Non-Travel,258,Human Resources,8,3,Other,1,Female,68,2,4,Human Resources,3,Divorced,8883,9,No,23,3,3,27,6,1,5,3,4,4
42,No,Travel_Rarely,562,Sales,10,1,Human Resources,3,Male,71,1,2,Sales Representative,4,Divorced,18748,2,No,19,3,4,2,6,1,18,8,10,6
55,No,Travel_Frequently,1390,Research & Development,28,3,Technical Degree,3,Male,34,4,2,Research Scientist,2,Single,6538,0,No,24,4,1,28,5,3,15,5,7,11
48,Yes,Travel_Rarely,737,Sales,22,4,Life Sciences,3,Male,74,4,4,Sales Executive,3,Single,10890,8,No,14,4,3,8,1,1,17,9,5,15
53,No,Non-Travel,1062,Sales,9,4,Life Sciences,2,Female,75,1,5,Sales Representative,3,Married,11165,6,Yes,20,4,1,38,4,3,11,7,0,8
38,No,Non-Travel,339,Human Resources,19,1,Other,2,Male,81,1,2,Manager,1,Married,15084,4,No,25,4,4,1,5,1,19,6,9,2
29,No,Non-Travel,1151,Sales,7,5,Medical,3,Female,86,4,2,Sales Representative,1,Married,11554,8,No,13,3,1,32,2,4,12,10,4,8
43,No,Travel_Frequently,195,Sales,19,4,Life Sciences,1,Male,77,1,4,Manager,4,Married,3478,1,No,21,3,4,37,5,3,16,8,10,15
22,No,Non-Travel,1073,Sales,25,2,Marketing,3,Female,53,2,4,Manager,3,Divorced,18467,9,No,15,3,3,13,1,1,8,7,2,3
20,No,Non-Travel,1240,Sales,21,1,Marketing,2,Male,53,3,4,Manager,2,Single,4638,6,No,17,3,4,17,4,4,17,11,4,4
40,No,Travel_Frequently,561,Sales,21,5,Human Resources,1,Male,94,2,3,Manager,1,Divorced,6748,5,Yes,17,4,1,40,1,3,8,4,3,1
25,No,Non-Travel,642,Sales,24,3,Marketing,2,Male,92,1,4,Sales Executive,3,Married,14803,6,No,11,3,2,40,6,4,8,1,5,5
48,No,Non-Travel,1173,Sales,3,2,Marketing,3,Male,71,2,5,Sales Executive,4,Divorced,19736,0,Yes,19,4,3,10,5,2,12,0,8,10
19,No,Travel_Rarely,738,Research & Development,14,5,Life Sciences,4,Female,65,2,1,Healthcare Representative,1,Divorced,3414,8,No,16,4,1,10,4,3,4,3,1,2
59,No,Non-Travel,687,Research & Development,3,4,Human Resources,1,Female,74,4,4,Laboratory Technician,4,Divorced,2708,6,No,12,3,3,38,2,1,13,4,0,11
27,No,Travel_Frequently,628,Human Resources,7,2,Technical Degree,4,Male,64,3,2,Manager,1,Single,11700,1,No,15,4,3,2,4,4,10,5,0,10
53,Yes,Travel_Frequently,1077,Human Resources,9,1,Other,2,Female,61,2,1,Human Resources,2,Single,13265,5,No,24,3,4,23,5,1,8,6,0,2
44,No,Travel_Frequently,107,Human Resources,13,1,Technical Degree,3,Female,52,3,2,Manager,3,Divorced,3206,6,No,15,3,4,40,0,1,3,3,0,2
40,No,Travel_Rarely,367,Research & Development,5,3,Other,3,Male,90,3,4,Research Director,3,Single,18763,8,No,12,3,2,29,0,4,17,7,10,6
52,No,Non-Travel,109,Research & Development,10,4,Marketing,4,Male,67,3,5,Healthcare Representative,2,Single,14183,0,No,16,3,2,25,1,1,2,2,0,2
29,No,Travel_Rarely,576,Human Resources,1,5,Marketing,4,Male,58,4,3,Human Resources,1,Single,15100,6,No,23,3,3,25,1,2,16,1,0,15
32,No,Travel_Frequently,1490,Research & Development,20,2,Technical Degree,3,Female,61,3,3,Laboratory Technician,3,Married,2281,8,No,19,3,2,11,0,4,12,0,4,3
57,No,Travel_Frequently,718,Research & Development,18,1,Other,2,Female,74,3,5,Healthcare Representative,3,Single,3323,9,No,18,3,1,31,3,1,16,7,7,7
18,No,Non-Travel,1154,Sales,15,5,Technical Degree,3,Male,93,3,2,Manager,2,Single,14436,7,No,25,3,2,37,4,4,13,4,2,8
54,No,Travel_Rarely,471,Research & Development,25,4,Medical,4,Male,56,4,4,Research Scientist,1,Single,14284,4,Yes,14,4,4,12,5,1,15,1,5,12
55,Yes,Travel_Rarely,1466,Human Resources,28,5,Other,2,Male,66,3,5,Manager,1,Married,4997,3,No,19,3,4,24,0,2,14,0,1,8
55,Yes,Travel_Rarely,761,Research & Development,25,2,Other,2,Female,35,4,4,Healthcare Representative,2,Married,8478,6,No,19,3,1,35,5,2,3,0,2,0
30,No,Travel_Frequently,1040,Sales,25,3,Medical,2,Male,85,4,2,Sales Executive,3,Married,2018,3,No,20,3,1,37,2,1,0,1,0,1
52,No,Travel_Frequently,1373,Research & Development,28,3,Medical,3,Male,92,4,4,Research Scientist,2,Single,17078,1,No,14,3,1,25,6,3,13,7,5,9
36,No,Non-Travel,456,Sales,20,1,Marketing,3,Female,49,1,3,Sales Representative,4,Single,2402,0,No,14,4,2,40,1,4,14,1,0,14
43,No,Travel_Rarely,118,Sales,19,4,Human Resources,2,Female,91,1,5,Sales Executive,4,Married,14375,9,No,25,4,3,18,3,3,17,7,3,10
47,No,Travel_Frequently,1140,Human Resources,6,2,Technical Degree,3,Male,65,4,1,Manager,2,Single,3083,9,No,22,3,1,32,0,2,2,0,1,1
35,No,Travel_Frequently,1091,Human Resources,27,3,Marketing,4,Male,53,1,5,Manager,2,Married,1571,1,No,20,3,1,5,2,2,17,3,4,0
29,No,Travel_Frequently,557,Sales,27,5,Life Sciences,3,Male,45,4,5,Sales Executive,2,Divorced,7120,5,Yes,11,4,3,33,5,4,3,0,2,0
35,No,Travel_Frequently,898,Research & Development,23,2,Technical Degree,1,Female,84,1,4,Research Scientist,1,Divorced,5924,3,No,20,3,2,9,5,1,16,12,3,2
38,Yes,Travel_Rarely,911,Sales,20,4,Medical,2,Female,85,3,2,Sales Representative,1,Divorced,2720,2,No,12,3,4,5,1,4,3,1,1,2
34,No,Non-Travel,517,Research & Development,30,4,Medical,1,Male,88,2,5,Laboratory Technician,1,Married,18671,6,Yes,19,3,3,10,4,3,11,6,8,11
47,No,Non-Travel,659,Sales,27,1,Other,1,Male,39,3,3,Sales Representative,2,Divorced,11976,1,Yes,21,4,1,18,5,3,10,9,4,4
36,Yes,Non-Travel,1279,Human Resources,11,1,Technical Degree,1,Female,88,3,4,Human Resources,2,Divorced,13729,3,No,15,3,4,23,4,1,17,4,1,7
24,Yes,Travel_Frequently,188,Human Resources,3,2,Marketing,4,Male,33,2,4,Human Resources,2,Divorced,9453,8,No,16,3,3,13,3,1,7,0,4,4
20,No,Travel_Rarely,632,Human Resources,13,2,Medical,3,Male,70,4,5,Manager,4,Divorced,12854,6,No,13,3,2,32,5,1,1,1,1,0
46,No,Non-Travel,322,Research & Development,2,3,Marketing,1,Female,80,3,4,Healthcare Representative,3,Divorced,6052,1,No,18,3,4,33,6,4,17,2,10,13
35,Yes,Travel_Frequently,1327,Research & Development,23,1,Medical,1,Female,67,1,2,Laboratory Technician,3,Divorced,14095,9,No,22,4,3,25,4,1,1,1,0,1
26,Yes,Travel_Rarely,1388,Sales,7,5,Technical Degree,1,Male,50,2,2,Sales Representative,1,Divorced,3338,2,No,23,4,1,38,1,4,19,11,5,6
51,No,Travel_Frequently,314,Sales,15,4,Other,1,Male,68,2,3,Manager,4,Divorced,4988,1,No,19,4,4,10,5,1,12,4,0,7
54,No,Travel_Frequently,1206,Human Resources,15,2,Other,2,Male,66,2,3,Manager,3,Single,16342,2,Yes,13,3,2,13,5,4,18,16,2,1
36,No,Travel_Rarely,502,Research & Development,10,1,Marketing,4,Male,100,3,3,Research Director,2,Divorced,12241,8,No,14,4,2,19,4,4,9,5,5,5
58,Yes,Travel_Frequently,844,Human Resources,13,3,Technical Degree,1,Male,100,2,1,Manager,1,Married,19428,4,No,17,4,1,8,5,2,8,5,1,1
54,No,Travel_Frequently,684,Sales,18,2,Life Sciences,4,Male,49,3,5,Sales Executive,2,Single,15650,5,No,25,4,3,9,2,2,5,3,1,3
45,No,Travel_Frequently,706,Research & Development,7,2,Life Sciences,3,Male,41,2,5,Research Director,3,Single,7732,1,No,11,3,3,20,1,2,5,1,0,2
29,No,Non-Travel,597,Human Resources,21,2,Marketing,3,Female,54,4,2,Manager,2,Single,12642,4,No,17,4,2,20,0,1,17,14,9,8
31,No,Non-Travel,110,Human Resources,3,5,Human Resources,1,Female,83,4,1,Manager,2,Single,4517,4,No,14,3,1,30,4,3,1,0,1,1
41,No,Travel_Frequently,1197,Human Resources,11,2,Marketing,3,Male,81,1,2,Human Resources,2,Divorced,11377,6,No,11,4,1,11,0,3,5,5,1,0
29,Yes,Travel_Rarely,752,Human Resources,25,5,Technical Degree,2,Female,44,1,2,Manager,3,Single,18767,5,No,13,4,1,19,4,3,15,12,9,14
42,No,Travel_Frequently,918,Sales,28,1,Technical Degree,2,Male,84,4,1,Manager,2,Married,9472,2,No,25,3,2,3,6,4,4,1,4,4
19,Yes,Travel_Rarely,231,Sales,23,3,Other,4,Male,99,3,1,Manager,3,Divorced,8638,1,Yes,22,3,1,35,5,2,16,7,6,12
31,Yes,Travel_Frequently,768,Human Resources,5,4,Other,2,Female,84,2,2,Human Resources,1,Single,9028,7,No,14,3,1,5,4,1,17,2,3,13
18,No,Travel_Rarely,1273,Sales,4,5,Marketing,3,Female,45,1,1,Manager,4,Single,19382,1,No,20,4,4,1,0,4,20,4,1,11
40,Yes,Non-Travel,253,Human Resources,26,1,Marketing,1,Female,60,1,4,Manager,1,Divorced,5672,6,Yes,25,4,3,31,5,2,17,0,0,9
18,Yes,Non-Travel,1458,Research & Development,9,4,Marketing,4,Male,30,1,5,Research Scientist,2,Divorced,12168,5,No,25,4,4,30,0,3,4,2,3,2
